wall_time,room_id,e2e_send_ts,e2e_consumer_done_ts,e2e_sink_arrival_ts,e2e_total_latency_ms,e2e_producer_to_consumer_ms,e2e_consumer_to_sink_ms,topic
1776722903.826,room_07,1776722903.819,1776722903.823,1776722903.826,7.564,4.05,3.516,room_alerts_mp
1776722904.824,room_08,1776722904.819,1776722904.821,1776722904.824,4.862,2.25,2.613,room_alerts_mp
1776722905.832,room_09,1776722905.821,1776722905.823,1776722905.832,11.221,2.17,9.053,room_alerts_mp
1776722906.827,room_10,1776722906.822,1776722906.824,1776722906.827,4.907,2.33,2.579,room_alerts_mp
1776722907.83,room_11,1776722907.823,1776722907.828,1776722907.83,7.627,5.13,2.502,room_alerts_mp
1776722908.829,room_12,1776722908.824,1776722908.826,1776722908.829,4.406,1.95,2.457,room_alerts_mp
1776722909.83,room_13,1776722909.825,1776722909.827,1776722909.83,4.391,1.97,2.424,room_alerts_mp
1776722910.831,room_14,1776722910.826,1776722910.828,1776722910.831,4.173,2.01,2.166,room_alerts_mp
1776722911.833,room_15,1776722911.827,1776722911.829,1776722911.833,5.459,1.89,3.572,room_alerts_mp
1776722912.834,room_01,1776722912.83,1776722912.832,1776722912.834,4.456,1.97,2.484,room_alerts_mp
1776722913.836,room_02,1776722913.831,1776722913.833,1776722913.836,4.189,1.93,2.261,room_alerts_mp
1776722914.837,room_03,1776722914.833,1776722914.834,1776722914.837,4.117,1.88,2.241,room_alerts_mp
1776722915.839,room_04,1776722915.834,1776722915.836,1776722915.839,4.345,2.12,2.227,room_alerts_mp
1776722916.84,room_05,1776722916.836,1776722916.838,1776722916.84,4.043,2.2,1.843,room_alerts_mp
1776722917.842,room_06,1776722917.837,1776722917.839,1776722917.842,4.48,1.76,2.721,room_alerts_mp
1776722918.841,room_07,1776722918.838,1776722918.84,1776722918.841,3.205,1.48,1.721,room_alerts_mp
1776722919.845,room_08,1776722919.84,1776722919.842,1776722919.845,4.55,1.84,2.708,room_alerts_mp
1776722920.846,room_09,1776722920.841,1776722920.843,1776722920.846,4.374,2.0,2.372,room_alerts_mp
1776722921.847,room_10,1776722921.842,1776722921.845,1776722921.847,5.035,2.73,2.304,room_alerts_mp
1776722922.859,room_11,1776722922.843,1776722922.857,1776722922.859,16.382,14.43,1.953,room_alerts_mp
1776722923.855,room_12,1776722923.847,1776722923.853,1776722923.855,8.198,5.58,2.616,room_alerts_mp
1776722924.859,room_13,1776722924.849,1776722924.857,1776722924.859,10.459,8.03,2.43,room_alerts_mp
1776722925.858,room_14,1776722925.852,1776722925.856,1776722925.858,6.117,4.21,1.906,room_alerts_mp
1776722926.857,room_15,1776722926.854,1776722926.855,1776722926.857,3.733,1.53,2.198,room_alerts_mp
1776722927.86,room_01,1776722927.855,1776722927.859,1776722927.86,5.714,4.0,1.714,room_alerts_mp
1776722928.864,room_02,1776722928.856,1776722928.86,1776722928.864,8.224,4.21,4.016,room_alerts_mp
1776722929.865,room_03,1776722929.858,1776722929.862,1776722929.865,7.152,4.23,2.918,room_alerts_mp
1776722930.869,room_04,1776722930.859,1776722930.867,1776722930.869,9.889,7.95,1.937,room_alerts_mp
1776722931.867,room_05,1776722931.863,1776722931.865,1776722931.867,4.388,1.87,2.513,room_alerts_mp
1776722932.868,room_06,1776722932.864,1776722932.866,1776722932.868,4.065,1.81,2.255,room_alerts_mp
1776722933.898,room_07,1776722933.865,1776722933.896,1776722933.898,33.315,31.08,2.232,room_alerts_mp
1776722934.877,room_08,1776722934.866,1776722934.873,1776722934.877,10.392,7.13,3.264,room_alerts_mp
1776722935.873,room_09,1776722935.869,1776722935.871,1776722935.873,3.852,1.77,2.08,room_alerts_mp
1776722936.875,room_10,1776722936.871,1776722936.873,1776722936.875,4.349,2.22,2.128,room_alerts_mp
1776722937.877,room_11,1776722937.872,1776722937.874,1776722937.877,4.618,1.94,2.673,room_alerts_mp
1776722938.878,room_12,1776722938.874,1776722938.876,1776722938.878,3.631,1.84,1.787,room_alerts_mp
1776722939.889,room_13,1776722939.878,1776722939.886,1776722939.889,11.045,8.37,2.678,room_alerts_mp
1776722940.893,room_14,1776722940.878,1776722940.88,1776722940.893,14.643,1.81,12.829,room_alerts_mp
1776722941.883,room_15,1776722941.88,1776722941.881,1776722941.883,3.827,1.65,2.172,room_alerts_mp
1776722942.894,room_01,1776722942.881,1776722942.893,1776722942.894,13.175,11.8,1.375,room_alerts_mp
1776722943.894,room_02,1776722943.891,1776722943.893,1776722943.894,3.33,1.82,1.508,room_alerts_mp
1776722944.896,room_03,1776722944.892,1776722944.894,1776722944.896,4.182,1.82,2.366,room_alerts_mp
1776722945.896,room_04,1776722945.892,1776722945.894,1776722945.896,3.813,2.17,1.642,room_alerts_mp
1776722946.896,room_05,1776722946.893,1776722946.894,1776722946.896,3.64,1.68,1.961,room_alerts_mp
1776722948.072,room_06,1776722947.894,1776722947.9,1776722948.072,178.146,5.88,172.264,room_alerts_mp
1776722948.901,room_07,1776722948.897,1776722948.899,1776722948.901,3.771,1.84,1.935,room_alerts_mp
1776722949.903,room_08,1776722949.899,1776722949.9,1776722949.903,4.07,1.89,2.184,room_alerts_mp
1776722950.906,room_09,1776722950.899,1776722950.903,1776722950.906,6.24,3.97,2.269,room_alerts_mp
1776722951.907,room_10,1776722951.901,1776722951.905,1776722951.907,6.697,4.44,2.258,room_alerts_mp
1776722952.909,room_11,1776722952.903,1776722952.906,1776722952.909,5.494,2.89,2.605,room_alerts_mp
1776722953.912,room_12,1776722953.904,1776722953.91,1776722953.912,7.353,5.92,1.436,room_alerts_mp
1776722954.917,room_13,1776722954.906,1776722954.915,1776722954.917,10.73,8.39,2.335,room_alerts_mp
1776722955.912,room_14,1776722955.907,1776722955.909,1776722955.912,4.35,1.72,2.632,room_alerts_mp
1776722956.919,room_15,1776722956.911,1776722956.917,1776722956.919,7.486,5.71,1.778,room_alerts_mp
1776722957.916,room_01,1776722957.912,1776722957.914,1776722957.916,3.456,1.98,1.477,room_alerts_mp
1776722958.928,room_02,1776722958.915,1776722958.925,1776722958.928,13.06,10.29,2.773,room_alerts_mp
1776722959.929,room_03,1776722959.916,1776722959.918,1776722959.929,13.305,1.72,11.58,room_alerts_mp
1776722960.927,room_04,1776722960.922,1776722960.926,1776722960.927,5.117,3.34,1.779,room_alerts_mp
1776722961.931,room_05,1776722961.926,1776722961.93,1776722961.931,5.294,3.48,1.81,room_alerts_mp
1776722962.941,room_06,1776722962.932,1776722962.939,1776722962.941,8.338,6.63,1.706,room_alerts_mp
1776722963.938,room_07,1776722963.933,1776722963.935,1776722963.938,4.301,1.98,2.319,room_alerts_mp
1776722964.938,room_08,1776722964.934,1776722964.936,1776722964.938,3.441,1.94,1.501,room_alerts_mp
1776722965.95,room_09,1776722965.938,1776722965.943,1776722965.95,11.151,4.4,6.748,room_alerts_mp
1776722966.947,room_10,1776722966.94,1776722966.945,1776722966.947,6.846,4.74,2.107,room_alerts_mp
1776722967.952,room_11,1776722967.946,1776722967.95,1776722967.952,6.174,4.22,1.951,room_alerts_mp
1776722968.956,room_12,1776722968.95,1776722968.954,1776722968.956,5.339,3.66,1.679,room_alerts_mp
1776722969.969,room_13,1776722969.952,1776722969.956,1776722969.969,17.653,4.15,13.507,room_alerts_mp
1776722970.961,room_14,1776722970.955,1776722970.959,1776722970.961,6.159,4.09,2.072,room_alerts_mp
1776722971.965,room_15,1776722971.958,1776722971.961,1776722971.965,7.116,3.62,3.499,room_alerts_mp
1776722972.97,room_01,1776722972.962,1776722972.968,1776722972.97,7.95,6.01,1.942,room_alerts_mp
1776722973.968,room_02,1776722973.964,1776722973.965,1776722973.968,4.339,1.59,2.753,room_alerts_mp
1776722974.969,room_03,1776722974.965,1776722974.968,1776722974.969,3.844,2.25,1.59,room_alerts_mp
1776722975.971,room_04,1776722975.967,1776722975.969,1776722975.971,4.215,1.81,2.408,room_alerts_mp
1776722977.046,room_05,1776722976.974,1776722976.979,1776722977.046,72.482,4.77,67.716,room_alerts_mp
1776722977.979,room_06,1776722977.975,1776722977.977,1776722977.979,4.283,1.81,2.473,room_alerts_mp
1776722978.986,room_07,1776722978.977,1776722978.983,1776722978.986,9.098,6.83,2.272,room_alerts_mp
1776722979.984,room_08,1776722979.978,1776722979.981,1776722979.984,6.152,3.59,2.562,room_alerts_mp
1776722980.99,room_09,1776722980.983,1776722980.988,1776722980.99,7.598,5.93,1.668,room_alerts_mp
1776722981.999,room_10,1776722981.985,1776722981.997,1776722981.999,14.379,12.1,2.274,room_alerts_mp
1776722982.997,room_11,1776722982.99,1776722982.994,1776722982.997,6.646,4.27,2.377,room_alerts_mp
1776722984.009,room_12,1776722983.994,1776722984.0,1776722984.009,14.563,5.54,9.021,room_alerts_mp
1776722985.002,room_13,1776722984.998,1776722985.0,1776722985.002,3.963,1.98,1.981,room_alerts_mp
1776722986.011,room_14,1776722986.001,1776722986.01,1776722986.011,10.126,8.8,1.322,room_alerts_mp
1776722987.011,room_15,1776722987.008,1776722987.01,1776722987.011,3.814,2.32,1.496,room_alerts_mp
1776722988.027,room_01,1776722988.021,1776722988.023,1776722988.027,5.957,2.29,3.667,room_alerts_mp
1776722989.035,room_02,1776722989.027,1776722989.033,1776722989.035,8.702,6.72,1.981,room_alerts_mp
1776722990.043,room_03,1776722990.028,1776722990.03,1776722990.043,14.946,1.65,13.292,room_alerts_mp
1776722991.038,room_04,1776722991.03,1776722991.035,1776722991.038,8.085,5.21,2.874,room_alerts_mp
1776722992.036,room_05,1776722992.031,1776722992.035,1776722992.036,5.948,4.2,1.752,room_alerts_mp
1776722993.037,room_06,1776722993.032,1776722993.035,1776722993.037,5.472,3.61,1.865,room_alerts_mp
1776722994.038,room_07,1776722994.033,1776722994.037,1776722994.038,5.594,4.12,1.47,room_alerts_mp
1776722995.039,room_08,1776722995.035,1776722995.037,1776722995.039,3.734,1.7,2.039,room_alerts_mp
1776722996.044,room_09,1776722996.037,1776722996.041,1776722996.044,7.056,4.74,2.321,room_alerts_mp
1776722997.045,room_10,1776722997.038,1776722997.043,1776722997.045,6.976,5.31,1.67,room_alerts_mp
1776722998.044,room_11,1776722998.04,1776722998.042,1776722998.044,3.439,1.69,1.751,room_alerts_mp
1776722999.054,room_12,1776722999.047,1776722999.052,1776722999.054,6.694,4.22,2.477,room_alerts_mp
1776723000.053,room_13,1776723000.049,1776723000.051,1776723000.053,3.882,1.72,2.16,room_alerts_mp
1776723001.063,room_14,1776723001.054,1776723001.06,1776723001.063,9.132,6.35,2.778,room_alerts_mp
1776723002.061,room_15,1776723002.056,1776723002.059,1776723002.061,5.193,3.18,2.012,room_alerts_mp
1776723003.061,room_01,1776723003.057,1776723003.06,1776723003.061,4.337,2.93,1.406,room_alerts_mp
1776723004.065,room_02,1776723004.058,1776723004.063,1776723004.065,6.65,4.66,1.987,room_alerts_mp
1776723005.067,room_03,1776723005.061,1776723005.065,1776723005.067,6.326,3.99,2.335,room_alerts_mp
1776723006.069,room_04,1776723006.062,1776723006.067,1776723006.069,7.119,4.91,2.204,room_alerts_mp
1776723007.085,room_05,1776723007.067,1776723007.074,1776723007.085,17.704,6.44,11.269,room_alerts_mp
1776723008.073,room_06,1776723008.069,1776723008.07,1776723008.073,3.96,1.65,2.309,room_alerts_mp
1776723009.079,room_07,1776723009.074,1776723009.078,1776723009.079,5.163,3.57,1.593,room_alerts_mp
1776723010.087,room_08,1776723010.078,1776723010.084,1776723010.087,8.982,6.88,2.103,room_alerts_mp
1776723011.085,room_09,1776723011.079,1776723011.084,1776723011.085,5.965,4.56,1.4,room_alerts_mp
1776723012.09,room_10,1776723012.084,1776723012.089,1776723012.09,5.712,4.05,1.665,room_alerts_mp
1776723013.089,room_11,1776723013.086,1776723013.087,1776723013.089,3.756,1.4,2.358,room_alerts_mp
1776723014.096,room_12,1776723014.09,1776723014.095,1776723014.096,6.006,4.48,1.528,room_alerts_mp
1776723015.117,room_13,1776723015.094,1776723015.115,1776723015.117,23.69,21.35,2.342,room_alerts_mp
1776723016.105,room_14,1776723016.098,1776723016.103,1776723016.105,6.411,4.42,1.986,room_alerts_mp
1776723017.107,room_15,1776723017.1,1776723017.105,1776723017.107,6.585,4.11,2.471,room_alerts_mp
1776723018.106,room_01,1776723018.102,1776723018.104,1776723018.106,3.68,1.64,2.042,room_alerts_mp
1776723019.113,room_02,1776723019.107,1776723019.11,1776723019.113,6.22,3.19,3.031,room_alerts_mp
1776723020.117,room_03,1776723020.109,1776723020.114,1776723020.117,7.816,4.63,3.184,room_alerts_mp
1776723021.115,room_04,1776723021.111,1776723021.112,1776723021.115,4.003,1.7,2.307,room_alerts_mp
1776723022.119,room_05,1776723022.112,1776723022.117,1776723022.119,7.543,4.99,2.557,room_alerts_mp
1776723023.118,room_06,1776723023.114,1776723023.116,1776723023.118,3.759,2.28,1.48,room_alerts_mp
1776723024.121,room_07,1776723024.115,1776723024.119,1776723024.121,5.785,3.71,2.07,room_alerts_mp
1776723025.129,room_08,1776723025.118,1776723025.126,1776723025.129,10.291,7.49,2.798,room_alerts_mp
1776723026.13,room_09,1776723026.124,1776723026.127,1776723026.13,5.657,2.66,2.993,room_alerts_mp
1776723027.137,room_10,1776723027.128,1776723027.136,1776723027.137,8.912,7.31,1.603,room_alerts_mp
1776723028.137,room_11,1776723028.13,1776723028.134,1776723028.137,6.766,4.52,2.245,room_alerts_mp
1776723029.137,room_12,1776723029.132,1776723029.136,1776723029.137,4.913,3.74,1.17,room_alerts_mp
1776723030.138,room_13,1776723030.134,1776723030.136,1776723030.138,3.594,1.69,1.908,room_alerts_mp
1776723031.145,room_14,1776723031.136,1776723031.142,1776723031.145,8.077,5.94,2.134,room_alerts_mp
1776723032.145,room_15,1776723032.138,1776723032.143,1776723032.145,6.453,4.85,1.602,room_alerts_mp
1776723033.152,room_01,1776723033.145,1776723033.15,1776723033.152,7.332,5.25,2.079,room_alerts_mp
1776723034.153,room_02,1776723034.146,1776723034.151,1776723034.153,7.329,5.2,2.124,room_alerts_mp
1776723035.159,room_03,1776723035.152,1776723035.157,1776723035.159,7.229,5.17,2.055,room_alerts_mp
1776723036.159,room_04,1776723036.154,1776723036.156,1776723036.159,4.328,2.03,2.298,room_alerts_mp
1776723037.163,room_05,1776723037.156,1776723037.16,1776723037.163,7.091,4.81,2.276,room_alerts_mp
1776723038.165,room_06,1776723038.16,1776723038.163,1776723038.165,5.203,3.34,1.868,room_alerts_mp
1776723039.164,room_07,1776723039.161,1776723039.163,1776723039.164,3.157,1.77,1.386,room_alerts_mp
1776723040.168,room_08,1776723040.162,1776723040.166,1776723040.168,6.097,4.18,1.92,room_alerts_mp
1776723041.168,room_09,1776723041.164,1776723041.166,1776723041.168,3.844,1.54,2.301,room_alerts_mp
1776723042.628,room_10,1776723042.17,1776723042.174,1776723042.628,458.217,4.42,453.799,room_alerts_mp
1776723043.177,room_11,1776723043.172,1776723043.175,1776723043.177,5.047,3.05,2.001,room_alerts_mp
1776723044.18,room_12,1776723044.174,1776723044.178,1776723044.18,6.052,3.8,2.253,room_alerts_mp
1776723045.182,room_13,1776723045.175,1776723045.18,1776723045.182,6.832,5.24,1.589,room_alerts_mp
1776723046.181,room_14,1776723046.177,1776723046.179,1776723046.181,3.971,1.79,2.182,room_alerts_mp
1776723047.186,room_15,1776723047.18,1776723047.184,1776723047.186,5.343,3.31,2.035,room_alerts_mp
1776723048.186,room_01,1776723048.183,1776723048.185,1776723048.186,2.963,1.68,1.287,room_alerts_mp
1776723049.189,room_02,1776723049.186,1776723049.187,1776723049.189,3.438,1.57,1.864,room_alerts_mp
1776723050.194,room_03,1776723050.188,1776723050.191,1776723050.194,6.503,3.43,3.075,room_alerts_mp
1776723051.195,room_04,1776723051.19,1776723051.193,1776723051.195,5.47,3.39,2.082,room_alerts_mp
1776723052.197,room_05,1776723052.192,1776723052.196,1776723052.197,5.646,4.0,1.647,room_alerts_mp
1776723053.201,room_06,1776723053.195,1776723053.198,1776723053.201,5.388,2.69,2.694,room_alerts_mp
1776723054.205,room_07,1776723054.201,1776723054.203,1776723054.205,3.489,1.64,1.852,room_alerts_mp
1776723055.209,room_08,1776723055.206,1776723055.208,1776723055.209,3.127,1.72,1.41,room_alerts_mp
1776723056.211,room_09,1776723056.209,1776723056.21,1776723056.211,2.824,1.46,1.369,room_alerts_mp
1776723057.222,room_10,1776723057.214,1776723057.219,1776723057.222,8.363,5.63,2.733,room_alerts_mp
1776723058.227,room_11,1776723058.215,1776723058.225,1776723058.227,12.404,10.6,1.806,room_alerts_mp
1776723059.219,room_12,1776723059.214,1776723059.217,1776723059.219,4.905,2.41,2.498,room_alerts_mp
1776723060.22,room_13,1776723060.216,1776723060.219,1776723060.22,4.562,3.27,1.295,room_alerts_mp
1776723061.224,room_14,1776723061.219,1776723061.223,1776723061.224,4.973,3.42,1.554,room_alerts_mp
1776723062.223,room_15,1776723062.22,1776723062.222,1776723062.223,2.77,1.55,1.215,room_alerts_mp
1776723063.229,room_01,1776723063.223,1776723063.228,1776723063.229,6.42,4.76,1.661,room_alerts_mp
1776723064.227,room_02,1776723064.224,1776723064.226,1776723064.227,3.33,1.72,1.605,room_alerts_mp
1776723065.233,room_03,1776723065.226,1776723065.231,1776723065.233,7.45,4.94,2.514,room_alerts_mp
1776723066.742,room_04,1776723066.228,1776723066.238,1776723066.742,513.778,9.59,504.184,room_alerts_mp
1776723067.235,room_05,1776723067.23,1776723067.233,1776723067.235,4.408,2.97,1.442,room_alerts_mp
1776723068.239,room_06,1776723068.233,1776723068.238,1776723068.239,6.07,4.46,1.614,room_alerts_mp
1776723069.241,room_07,1776723069.235,1776723069.239,1776723069.241,6.45,3.92,2.532,room_alerts_mp
1776723070.243,room_08,1776723070.236,1776723070.24,1776723070.243,6.893,3.72,3.172,room_alerts_mp
1776723071.246,room_09,1776723071.239,1776723071.245,1776723071.246,7.525,5.8,1.725,room_alerts_mp
1776723072.248,room_10,1776723072.242,1776723072.246,1776723072.248,6.177,3.99,2.189,room_alerts_mp
1776723073.253,room_11,1776723073.245,1776723073.248,1776723073.253,8.719,3.88,4.838,room_alerts_mp
1776723074.25,room_12,1776723074.246,1776723074.248,1776723074.25,3.613,1.69,1.925,room_alerts_mp
1776723075.259,room_13,1776723075.248,1776723075.257,1776723075.259,10.926,9.26,1.667,room_alerts_mp
1776723076.258,room_14,1776723076.248,1776723076.256,1776723076.258,9.306,7.18,2.126,room_alerts_mp
1776723077.256,room_15,1776723077.253,1776723077.254,1776723077.256,3.202,1.44,1.766,room_alerts_mp
1776723078.327,room_01,1776723078.258,1776723078.259,1776723078.327,69.092,1.34,67.751,room_alerts_mp
1776723079.275,room_02,1776723079.261,1776723079.273,1776723079.275,14.157,11.73,2.432,room_alerts_mp
1776723080.265,room_03,1776723080.262,1776723080.264,1776723080.265,3.402,1.57,1.836,room_alerts_mp
1776723081.267,room_04,1776723081.264,1776723081.266,1776723081.267,3.009,1.72,1.291,room_alerts_mp
1776723082.268,room_05,1776723082.265,1776723082.266,1776723082.268,3.78,1.6,2.179,room_alerts_mp
1776723083.275,room_06,1776723083.266,1776723083.273,1776723083.275,9.054,6.91,2.149,room_alerts_mp
1776723084.274,room_07,1776723084.268,1776723084.273,1776723084.274,6.026,4.59,1.44,room_alerts_mp
1776723085.275,room_08,1776723085.269,1776723085.272,1776723085.275,5.536,3.01,2.522,room_alerts_mp
1776723086.278,room_09,1776723086.275,1776723086.276,1776723086.278,3.67,1.48,2.185,room_alerts_mp
1776723087.281,room_10,1776723087.278,1776723087.28,1776723087.281,2.866,1.49,1.375,room_alerts_mp
1776723088.293,room_11,1776723088.281,1776723088.29,1776723088.293,11.912,9.41,2.498,room_alerts_mp
1776723089.303,room_12,1776723089.287,1776723089.29,1776723089.303,15.908,2.66,13.251,room_alerts_mp
1776723090.309,room_13,1776723090.29,1776723090.293,1776723090.309,19.405,3.49,15.914,room_alerts_mp
1776723091.296,room_14,1776723091.291,1776723091.293,1776723091.296,4.143,1.36,2.784,room_alerts_mp
1776723092.296,room_15,1776723092.293,1776723092.294,1776723092.296,3.349,1.41,1.935,room_alerts_mp
1776723093.299,room_01,1776723093.293,1776723093.297,1776723093.299,5.356,3.45,1.903,room_alerts_mp
1776723094.299,room_02,1776723094.295,1776723094.297,1776723094.299,3.518,1.76,1.763,room_alerts_mp
1776723095.304,room_03,1776723095.298,1776723095.301,1776723095.304,6.388,3.09,3.296,room_alerts_mp
1776723096.307,room_04,1776723096.301,1776723096.305,1776723096.307,6.138,4.58,1.56,room_alerts_mp
1776723097.309,room_05,1776723097.305,1776723097.307,1776723097.309,3.674,1.84,1.832,room_alerts_mp
1776723098.319,room_06,1776723098.306,1776723098.309,1776723098.319,12.9,2.5,10.402,room_alerts_mp
1776723099.314,room_07,1776723099.309,1776723099.313,1776723099.314,5.646,4.18,1.463,room_alerts_mp
1776723100.317,room_08,1776723100.31,1776723100.315,1776723100.317,6.911,5.44,1.472,room_alerts_mp
1776723101.319,room_09,1776723101.313,1776723101.316,1776723101.319,6.455,3.57,2.882,room_alerts_mp
1776723102.321,room_10,1776723102.314,1776723102.318,1776723102.321,6.9,3.71,3.191,room_alerts_mp
1776723103.324,room_11,1776723103.317,1776723103.321,1776723103.324,7.318,4.39,2.927,room_alerts_mp
1776723104.325,room_12,1776723104.319,1776723104.323,1776723104.325,5.623,3.73,1.894,room_alerts_mp
1776723105.327,room_13,1776723105.32,1776723105.325,1776723105.327,6.501,4.17,2.332,room_alerts_mp
1776723106.332,room_14,1776723106.325,1776723106.33,1776723106.332,6.92,5.39,1.533,room_alerts_mp
1776723107.332,room_15,1776723107.326,1776723107.331,1776723107.332,5.362,4.08,1.285,room_alerts_mp
1776723108.336,room_01,1776723108.328,1776723108.333,1776723108.336,7.802,4.91,2.896,room_alerts_mp
1776723109.338,room_02,1776723109.331,1776723109.336,1776723109.338,6.917,4.82,2.102,room_alerts_mp
1776723110.342,room_03,1776723110.332,1776723110.338,1776723110.342,9.147,5.36,3.788,room_alerts_mp
1776723111.339,room_04,1776723111.334,1776723111.337,1776723111.339,4.907,3.47,1.44,room_alerts_mp
1776723112.343,room_05,1776723112.337,1776723112.341,1776723112.343,5.666,3.92,1.741,room_alerts_mp
1776723113.348,room_06,1776723113.339,1776723113.345,1776723113.348,8.261,6.14,2.119,room_alerts_mp
1776723114.348,room_07,1776723114.341,1776723114.344,1776723114.348,7.016,3.28,3.741,room_alerts_mp
1776723115.347,room_08,1776723115.342,1776723115.345,1776723115.347,4.409,2.95,1.456,room_alerts_mp
1776723116.347,room_09,1776723116.343,1776723116.345,1776723116.347,3.216,1.44,1.778,room_alerts_mp
1776723117.349,room_10,1776723117.345,1776723117.348,1776723117.349,4.76,2.96,1.799,room_alerts_mp
1776723118.352,room_11,1776723118.347,1776723118.35,1776723118.352,5.483,3.34,2.144,room_alerts_mp
1776723119.358,room_12,1776723119.35,1776723119.355,1776723119.358,8.044,5.25,2.797,room_alerts_mp
1776723120.36,room_13,1776723120.355,1776723120.359,1776723120.36,4.857,3.11,1.748,room_alerts_mp
1776723121.363,room_14,1776723121.358,1776723121.361,1776723121.363,5.274,3.31,1.963,room_alerts_mp
1776723122.366,room_15,1776723122.36,1776723122.365,1776723122.366,6.162,4.65,1.511,room_alerts_mp
1776723123.371,room_01,1776723123.363,1776723123.368,1776723123.371,7.176,4.9,2.278,room_alerts_mp
1776723124.371,room_02,1776723124.365,1776723124.369,1776723124.371,6.172,4.77,1.406,room_alerts_mp
1776723125.37,room_03,1776723125.365,1776723125.368,1776723125.37,4.335,2.64,1.69,room_alerts_mp
1776723126.371,room_04,1776723126.368,1776723126.369,1776723126.371,3.057,1.55,1.506,room_alerts_mp
1776723127.375,room_05,1776723127.369,1776723127.373,1776723127.375,6.059,3.88,2.177,room_alerts_mp
1776723128.377,room_06,1776723128.371,1776723128.376,1776723128.377,6.499,5.21,1.288,room_alerts_mp
1776723129.382,room_07,1776723129.372,1776723129.378,1776723129.382,9.223,5.69,3.53,room_alerts_mp
1776723130.378,room_08,1776723130.375,1776723130.377,1776723130.378,3.08,1.54,1.539,room_alerts_mp
1776723131.38,room_09,1776723131.377,1776723131.379,1776723131.38,3.36,1.45,1.91,room_alerts_mp
1776723132.443,room_10,1776723132.378,1776723132.434,1776723132.443,64.979,55.45,9.534,room_alerts_mp
1776723133.385,room_11,1776723133.382,1776723133.383,1776723133.385,3.126,1.48,1.643,room_alerts_mp
1776723134.393,room_12,1776723134.386,1776723134.392,1776723134.393,7.14,5.52,1.62,room_alerts_mp
1776723135.392,room_13,1776723135.389,1776723135.391,1776723135.392,2.886,1.58,1.304,room_alerts_mp
1776723136.393,room_14,1776723136.389,1776723136.391,1776723136.393,3.762,1.49,2.269,room_alerts_mp
1776723137.394,room_15,1776723137.391,1776723137.393,1776723137.394,2.771,1.42,1.347,room_alerts_mp
1776723138.396,room_01,1776723138.392,1776723138.394,1776723138.396,3.39,1.47,1.918,room_alerts_mp
1776723139.402,room_02,1776723139.394,1776723139.4,1776723139.402,7.466,5.56,1.906,room_alerts_mp
1776723140.405,room_03,1776723140.396,1776723140.4,1776723140.405,9.02,3.81,5.212,room_alerts_mp
1776723141.401,room_04,1776723141.398,1776723141.4,1776723141.401,2.945,1.45,1.497,room_alerts_mp
1776723142.405,room_05,1776723142.4,1776723142.403,1776723142.405,4.886,3.64,1.248,room_alerts_mp
1776723143.404,room_06,1776723143.401,1776723143.403,1776723143.404,3.069,1.4,1.673,room_alerts_mp
1776723144.409,room_07,1776723144.403,1776723144.406,1776723144.409,6.382,3.63,2.751,room_alerts_mp
1776723145.446,room_08,1776723145.407,1776723145.441,1776723145.446,38.53,34.46,4.069,room_alerts_mp
1776723146.412,room_09,1776723146.409,1776723146.411,1776723146.412,2.682,1.33,1.349,room_alerts_mp
1776723147.413,room_10,1776723147.41,1776723147.412,1776723147.413,2.888,1.47,1.417,room_alerts_mp
1776723148.415,room_11,1776723148.411,1776723148.413,1776723148.415,3.17,1.47,1.705,room_alerts_mp
1776723149.416,room_12,1776723149.413,1776723149.414,1776723149.416,2.917,1.45,1.469,room_alerts_mp
1776723150.92,room_13,1776723150.414,1776723150.419,1776723150.92,506.477,5.26,501.215,room_alerts_mp
1776723151.418,room_14,1776723151.415,1776723151.417,1776723151.418,3.29,1.36,1.928,room_alerts_mp
1776723152.422,room_15,1776723152.416,1776723152.421,1776723152.422,6.003,4.79,1.212,room_alerts_mp
1776723153.425,room_01,1776723153.418,1776723153.424,1776723153.425,7.297,5.7,1.601,room_alerts_mp
1776723154.426,room_02,1776723154.419,1776723154.424,1776723154.426,6.988,4.83,2.156,room_alerts_mp
1776723155.435,room_03,1776723155.421,1776723155.425,1776723155.435,14.046,3.59,10.452,room_alerts_mp
1776723156.43,room_04,1776723156.424,1776723156.428,1776723156.43,5.97,4.05,1.925,room_alerts_mp
1776723157.432,room_05,1776723157.426,1776723157.43,1776723157.432,5.757,3.45,2.305,room_alerts_mp
1776723158.634,room_06,1776723158.435,1776723158.437,1776723158.634,198.191,1.82,196.376,room_alerts_mp
1776723159.443,room_07,1776723159.437,1776723159.441,1776723159.443,5.791,3.72,2.075,room_alerts_mp
1776723160.446,room_08,1776723160.441,1776723160.443,1776723160.446,4.808,2.69,2.122,room_alerts_mp
1776723161.934,room_09,1776723161.442,1776723161.446,1776723161.934,491.154,3.79,487.362,room_alerts_mp
1776723162.449,room_10,1776723162.446,1776723162.448,1776723162.449,3.179,1.47,1.709,room_alerts_mp
1776723163.45,room_11,1776723163.447,1776723163.448,1776723163.45,2.995,1.35,1.645,room_alerts_mp
1776723164.454,room_12,1776723164.448,1776723164.453,1776723164.454,6.132,4.42,1.709,room_alerts_mp
1776723165.454,room_13,1776723165.451,1776723165.452,1776723165.454,2.731,1.42,1.312,room_alerts_mp
1776723166.969,room_14,1776723166.451,1776723166.46,1776723166.969,517.591,8.83,508.765,room_alerts_mp
1776723167.462,room_15,1776723167.452,1776723167.46,1776723167.462,10.429,8.24,2.191,room_alerts_mp
1776723168.458,room_01,1776723168.454,1776723168.456,1776723168.458,3.927,1.58,2.35,room_alerts_mp
1776723169.465,room_02,1776723169.459,1776723169.463,1776723169.465,5.72,3.54,2.179,room_alerts_mp
1776723170.465,room_03,1776723170.46,1776723170.463,1776723170.465,5.237,3.01,2.229,room_alerts_mp
1776723171.473,room_04,1776723171.465,1776723171.469,1776723171.473,7.896,3.86,4.033,room_alerts_mp
1776723172.477,room_05,1776723172.472,1776723172.476,1776723172.477,5.326,3.46,1.865,room_alerts_mp
1776723173.476,room_06,1776723173.473,1776723173.475,1776723173.476,2.955,1.59,1.362,room_alerts_mp
1776723174.482,room_07,1776723174.475,1776723174.48,1776723174.482,7.147,4.97,2.18,room_alerts_mp
1776723175.482,room_08,1776723175.477,1776723175.48,1776723175.482,4.871,3.2,1.676,room_alerts_mp
1776723176.483,room_09,1776723176.479,1776723176.481,1776723176.483,3.163,1.65,1.516,room_alerts_mp
1776723177.498,room_10,1776723177.48,1776723177.486,1776723177.498,17.781,5.71,12.073,room_alerts_mp
1776723178.489,room_11,1776723178.483,1776723178.487,1776723178.489,6.118,4.15,1.97,room_alerts_mp
1776723179.491,room_12,1776723179.488,1776723179.49,1776723179.491,2.746,1.55,1.198,room_alerts_mp
1776723180.495,room_13,1776723180.489,1776723180.493,1776723180.495,5.311,4.06,1.247,room_alerts_mp
1776723181.498,room_14,1776723181.491,1776723181.496,1776723181.498,7.104,4.94,2.166,room_alerts_mp
1776723182.503,room_15,1776723182.492,1776723182.496,1776723182.503,10.196,3.85,6.349,room_alerts_mp
1776723183.499,room_01,1776723183.496,1776723183.498,1776723183.499,3.332,1.82,1.515,room_alerts_mp
1776723184.501,room_02,1776723184.499,1776723184.5,1776723184.501,2.791,1.4,1.388,room_alerts_mp
1776723185.511,room_03,1776723185.499,1776723185.504,1776723185.511,11.929,4.28,7.649,room_alerts_mp
1776723186.511,room_04,1776723186.502,1776723186.509,1776723186.511,9.357,7.57,1.791,room_alerts_mp
1776723187.511,room_05,1776723187.507,1776723187.51,1776723187.511,4.483,2.85,1.636,room_alerts_mp
1776723188.517,room_06,1776723188.509,1776723188.515,1776723188.517,8.053,6.21,1.845,room_alerts_mp
1776723189.518,room_07,1776723189.514,1776723189.516,1776723189.518,3.685,1.56,2.127,room_alerts_mp
1776723190.522,room_08,1776723190.516,1776723190.52,1776723190.522,6.062,3.68,2.384,room_alerts_mp
1776723191.525,room_09,1776723191.518,1776723191.523,1776723191.525,7.084,5.56,1.525,room_alerts_mp
1776723192.527,room_10,1776723192.521,1776723192.525,1776723192.527,6.393,4.29,2.105,room_alerts_mp
1776723193.534,room_11,1776723193.525,1776723193.533,1776723193.534,9.454,7.69,1.763,room_alerts_mp
1776723194.53,room_12,1776723194.527,1776723194.528,1776723194.53,2.963,1.42,1.544,room_alerts_mp
1776723195.536,room_13,1776723195.529,1776723195.533,1776723195.536,6.531,3.83,2.697,room_alerts_mp
1776723196.538,room_14,1776723196.531,1776723196.536,1776723196.538,6.43,4.66,1.771,room_alerts_mp
1776723197.545,room_15,1776723197.533,1776723197.542,1776723197.545,12.562,8.92,3.64,room_alerts_mp
1776723198.56,room_01,1776723198.535,1776723198.537,1776723198.56,24.8,1.81,22.987,room_alerts_mp
1776723199.539,room_02,1776723199.536,1776723199.538,1776723199.539,3.044,1.3,1.744,room_alerts_mp
1776723200.545,room_03,1776723200.538,1776723200.542,1776723200.545,7.016,4.03,2.981,room_alerts_mp
1776723201.544,room_04,1776723201.541,1776723201.542,1776723201.544,3.613,1.61,2.003,room_alerts_mp
1776723202.548,room_05,1776723202.542,1776723202.546,1776723202.548,5.911,4.3,1.607,room_alerts_mp
1776723203.553,room_06,1776723203.546,1776723203.552,1776723203.553,7.155,5.84,1.316,room_alerts_mp
1776723204.554,room_07,1776723204.549,1776723204.552,1776723204.554,5.132,3.01,2.123,room_alerts_mp
1776723206.065,room_08,1776723205.554,1776723205.56,1776723206.065,511.466,5.98,505.485,room_alerts_mp
1776723206.564,room_09,1776723206.559,1776723206.563,1776723206.564,5.435,4.03,1.405,room_alerts_mp
1776723207.57,room_10,1776723207.561,1776723207.568,1776723207.57,8.747,6.42,2.324,room_alerts_mp
1776723208.581,room_11,1776723208.562,1776723208.579,1776723208.581,18.438,16.69,1.751,room_alerts_mp
1776723209.57,room_12,1776723209.564,1776723209.568,1776723209.57,6.153,4.31,1.84,room_alerts_mp
1776723210.574,room_13,1776723210.568,1776723210.573,1776723210.574,5.63,4.37,1.263,room_alerts_mp
1776723211.572,room_14,1776723211.569,1776723211.57,1776723211.572,3.325,1.68,1.65,room_alerts_mp
1776723213.048,room_15,1776723212.571,1776723212.575,1776723213.048,476.755,4.43,472.325,room_alerts_mp
1776723213.584,room_01,1776723213.572,1776723213.573,1776723213.584,12.743,1.42,11.319,room_alerts_mp
1776723214.58,room_02,1776723214.575,1776723214.579,1776723214.58,4.746,3.2,1.542,room_alerts_mp
1776723215.588,room_03,1776723215.578,1776723215.585,1776723215.588,9.969,7.26,2.713,room_alerts_mp
1776723216.587,room_04,1776723216.58,1776723216.585,1776723216.587,6.745,4.8,1.95,room_alerts_mp
1776723217.587,room_05,1776723217.581,1776723217.585,1776723217.587,6.135,4.24,1.9,room_alerts_mp
1776723218.589,room_06,1776723218.582,1776723218.587,1776723218.589,6.946,5.01,1.938,room_alerts_mp
1776723219.593,room_07,1776723219.584,1776723219.59,1776723219.593,8.919,5.91,3.012,room_alerts_mp
1776723220.592,room_08,1776723220.586,1776723220.59,1776723220.592,5.876,3.84,2.037,room_alerts_mp
1776723221.594,room_09,1776723221.588,1776723221.591,1776723221.594,6.307,3.51,2.796,room_alerts_mp
1776723222.593,room_10,1776723222.589,1776723222.592,1776723222.593,4.813,3.15,1.661,room_alerts_mp
1776723223.607,room_11,1776723223.591,1776723223.604,1776723223.607,15.853,13.14,2.712,room_alerts_mp
1776723224.599,room_12,1776723224.593,1776723224.597,1776723224.599,5.974,3.77,2.203,room_alerts_mp
1776723225.598,room_13,1776723225.595,1776723225.597,1776723225.598,2.834,1.48,1.351,room_alerts_mp
1776723226.611,room_14,1776723226.6,1776723226.609,1776723226.611,11.5,9.27,2.227,room_alerts_mp
1776723227.605,room_15,1776723227.602,1776723227.603,1776723227.605,2.62,1.25,1.366,room_alerts_mp
1776723228.609,room_01,1776723228.603,1776723228.608,1776723228.609,6.289,4.58,1.705,room_alerts_mp
1776723231.637,room_04,1776723231.612,1776723231.616,1776723231.637,25.402,4.75,20.656,room_alerts_mp
1776723232.059,room_03,1776723230.608,1776723232.056,1776723232.059,1450.851,1447.06,3.791,room_alerts_mp
1776723232.061,room_02,1776723229.605,1776723232.055,1776723232.061,2455.806,2449.91,5.899,room_alerts_mp
1776723232.618,room_05,1776723232.613,1776723232.616,1776723232.618,4.845,3.12,1.721,room_alerts_mp
1776723233.624,room_06,1776723233.616,1776723233.619,1776723233.624,8.415,3.15,5.263,room_alerts_mp
1776723234.624,room_07,1776723234.617,1776723234.622,1776723234.624,7.513,4.73,2.779,room_alerts_mp
1776723235.622,room_08,1776723235.619,1776723235.62,1776723235.622,3.289,1.44,1.853,room_alerts_mp
1776723236.623,room_09,1776723236.62,1776723236.621,1776723236.623,3.472,1.32,2.149,room_alerts_mp
1776723238.138,room_10,1776723237.629,1776723237.632,1776723238.138,508.823,2.71,506.11,room_alerts_mp
1776723238.643,room_11,1776723238.635,1776723238.636,1776723238.643,8.578,1.6,6.98,room_alerts_mp
1776723239.643,room_12,1776723239.636,1776723239.64,1776723239.643,7.338,4.61,2.729,room_alerts_mp
1776723240.64,room_13,1776723240.637,1776723240.638,1776723240.64,3.173,1.76,1.408,room_alerts_mp
1776723241.642,room_14,1776723241.638,1776723241.64,1776723241.642,4.161,1.96,2.2,room_alerts_mp
1776723242.644,room_15,1776723242.641,1776723242.643,1776723242.644,2.966,1.36,1.603,room_alerts_mp
1776723243.65,room_01,1776723243.643,1776723243.647,1776723243.65,7.025,3.88,3.145,room_alerts_mp
1776723244.651,room_02,1776723244.646,1776723244.649,1776723244.651,4.991,3.02,1.969,room_alerts_mp
1776723245.65,room_03,1776723245.647,1776723245.649,1776723245.65,3.381,1.7,1.684,room_alerts_mp
1776723246.654,room_04,1776723246.648,1776723246.653,1776723246.654,6.596,5.1,1.498,room_alerts_mp
1776723247.652,room_05,1776723247.649,1776723247.65,1776723247.652,2.749,1.55,1.2,room_alerts_mp
1776723248.66,room_06,1776723248.65,1776723248.657,1776723248.66,10.538,7.55,2.989,room_alerts_mp
1776723249.661,room_07,1776723249.651,1776723249.659,1776723249.661,9.647,7.77,1.878,room_alerts_mp
1776723250.659,room_08,1776723250.652,1776723250.657,1776723250.659,6.776,5.3,1.476,room_alerts_mp
1776723251.658,room_09,1776723251.654,1776723251.656,1776723251.658,4.009,1.81,2.199,room_alerts_mp
1776723252.661,room_10,1776723252.655,1776723252.66,1776723252.661,6.083,4.35,1.732,room_alerts_mp
1776723253.664,room_11,1776723253.661,1776723253.663,1776723253.664,3.223,1.81,1.409,room_alerts_mp
1776723254.67,room_12,1776723254.663,1776723254.666,1776723254.67,6.702,3.55,3.154,room_alerts_mp
1776723255.676,room_13,1776723255.669,1776723255.675,1776723255.676,7.729,6.28,1.453,room_alerts_mp
1776723256.677,room_14,1776723256.672,1776723256.675,1776723256.677,4.622,2.99,1.627,room_alerts_mp
1776723257.679,room_15,1776723257.673,1776723257.676,1776723257.679,6.756,3.69,3.066,room_alerts_mp
1776723258.679,room_01,1776723258.676,1776723258.677,1776723258.679,3.001,1.35,1.656,room_alerts_mp
1776723259.682,room_02,1776723259.677,1776723259.68,1776723259.682,5.489,3.35,2.137,room_alerts_mp
1776723260.685,room_03,1776723260.679,1776723260.683,1776723260.685,6.288,4.46,1.826,room_alerts_mp
1776723261.687,room_04,1776723261.682,1776723261.685,1776723261.687,4.241,2.77,1.473,room_alerts_mp
1776723262.688,room_05,1776723262.684,1776723262.686,1776723262.688,4.223,2.35,1.875,room_alerts_mp
1776723263.694,room_06,1776723263.689,1776723263.691,1776723263.694,4.144,2.09,2.054,room_alerts_mp
1776723264.7,room_07,1776723264.693,1776723264.697,1776723264.7,6.365,3.5,2.865,room_alerts_mp
1776723265.701,room_08,1776723265.695,1776723265.699,1776723265.701,6.0,4.39,1.608,room_alerts_mp
1776723266.703,room_09,1776723266.696,1776723266.701,1776723266.703,7.241,4.69,2.55,room_alerts_mp
1776723267.713,room_10,1776723267.698,1776723267.707,1776723267.713,14.583,8.78,5.8,room_alerts_mp
1776723268.735,room_11,1776723268.702,1776723268.709,1776723268.735,32.519,7.28,25.241,room_alerts_mp
1776723269.718,room_12,1776723269.706,1776723269.715,1776723269.718,12.615,9.63,2.985,room_alerts_mp
1776723270.717,room_13,1776723270.708,1776723270.713,1776723270.717,8.982,5.17,3.815,room_alerts_mp
1776723271.711,room_14,1776723271.708,1776723271.71,1776723271.711,2.85,1.36,1.487,room_alerts_mp
1776723272.763,room_15,1776723272.712,1776723272.716,1776723272.763,50.337,3.98,46.352,room_alerts_mp
1776723273.719,room_01,1776723273.714,1776723273.717,1776723273.719,4.793,2.79,2.002,room_alerts_mp
1776723274.721,room_02,1776723274.715,1776723274.718,1776723274.721,6.226,3.09,3.132,room_alerts_mp
1776723275.727,room_03,1776723275.716,1776723275.719,1776723275.727,11.385,3.64,7.745,room_alerts_mp
1776723276.72,room_04,1776723276.717,1776723276.718,1776723276.72,3.038,1.6,1.44,room_alerts_mp
1776723277.721,room_05,1776723277.718,1776723277.719,1776723277.721,2.809,1.44,1.372,room_alerts_mp
1776723278.724,room_06,1776723278.72,1776723278.721,1776723278.724,4.347,1.55,2.797,room_alerts_mp
1776723279.728,room_07,1776723279.722,1776723279.726,1776723279.728,6.001,3.58,2.418,room_alerts_mp
1776723280.731,room_08,1776723280.724,1776723280.727,1776723280.731,7.68,3.2,4.476,room_alerts_mp
1776723281.73,room_09,1776723281.726,1776723281.728,1776723281.73,3.39,1.5,1.886,room_alerts_mp
1776723282.742,room_10,1776723282.728,1776723282.731,1776723282.742,13.694,2.91,10.783,room_alerts_mp
1776723283.737,room_11,1776723283.732,1776723283.736,1776723283.737,4.718,3.2,1.515,room_alerts_mp
1776723284.74,room_12,1776723284.734,1776723284.738,1776723284.74,6.604,4.6,2.0,room_alerts_mp
1776723285.75,room_13,1776723285.736,1776723285.742,1776723285.75,14.32,6.15,8.167,room_alerts_mp
1776723286.74,room_14,1776723286.737,1776723286.739,1776723286.74,3.897,2.01,1.887,room_alerts_mp
1776723287.745,room_15,1776723287.739,1776723287.743,1776723287.745,5.941,3.29,2.653,room_alerts_mp
1776723288.747,room_01,1776723288.741,1776723288.744,1776723288.747,5.879,3.73,2.145,room_alerts_mp
1776723289.749,room_02,1776723289.742,1776723289.747,1776723289.749,7.508,5.76,1.749,room_alerts_mp
1776723290.749,room_03,1776723290.745,1776723290.747,1776723290.749,3.293,1.67,1.624,room_alerts_mp
1776723291.756,room_04,1776723291.749,1776723291.754,1776723291.756,7.148,5.4,1.745,room_alerts_mp
1776723292.755,room_05,1776723292.75,1776723292.753,1776723292.755,5.651,3.84,1.807,room_alerts_mp
1776723293.753,room_06,1776723293.751,1776723293.752,1776723293.753,2.657,1.11,1.544,room_alerts_mp
1776723294.76,room_07,1776723294.753,1776723294.757,1776723294.76,7.196,4.48,2.721,room_alerts_mp
1776723295.762,room_08,1776723295.755,1776723295.759,1776723295.762,7.05,4.6,2.453,room_alerts_mp
1776723296.765,room_09,1776723296.758,1776723296.763,1776723296.765,7.075,4.7,2.373,room_alerts_mp
1776723297.762,room_10,1776723297.76,1776723297.761,1776723297.762,2.779,1.45,1.333,room_alerts_mp
1776723298.769,room_11,1776723298.762,1776723298.766,1776723298.769,6.731,4.1,2.633,room_alerts_mp
1776723299.771,room_12,1776723299.765,1776723299.769,1776723299.771,6.631,4.71,1.917,room_alerts_mp
1776723300.77,room_13,1776723300.766,1776723300.768,1776723300.77,3.641,1.69,1.947,room_alerts_mp
1776723301.77,room_14,1776723301.767,1776723301.769,1776723301.77,3.059,1.62,1.439,room_alerts_mp
1776723302.774,room_15,1776723302.768,1776723302.772,1776723302.774,5.867,3.38,2.489,room_alerts_mp
1776723303.78,room_01,1776723303.77,1776723303.772,1776723303.78,10.259,1.6,8.662,room_alerts_mp
1776723304.777,room_02,1776723304.771,1776723304.775,1776723304.777,5.224,3.54,1.686,room_alerts_mp
1776723305.779,room_03,1776723305.773,1776723305.777,1776723305.779,6.098,4.07,2.027,room_alerts_mp
1776723306.781,room_04,1776723306.774,1776723306.779,1776723306.781,7.289,4.65,2.641,room_alerts_mp
1776723307.781,room_05,1776723307.775,1776723307.779,1776723307.781,6.104,4.14,1.96,room_alerts_mp
1776723308.782,room_06,1776723308.777,1776723308.781,1776723308.782,5.304,3.96,1.348,room_alerts_mp
1776723309.788,room_07,1776723309.779,1776723309.784,1776723309.788,9.025,5.55,3.476,room_alerts_mp
1776723310.785,room_08,1776723310.781,1776723310.783,1776723310.785,4.629,2.62,2.005,room_alerts_mp
1776723311.79,room_09,1776723311.783,1776723311.787,1776723311.79,6.229,3.79,2.435,room_alerts_mp
1776723312.79,room_10,1776723312.787,1776723312.789,1776723312.79,2.582,1.48,1.101,room_alerts_mp
1776723313.805,room_11,1776723313.788,1776723313.789,1776723313.805,16.841,1.36,15.48,room_alerts_mp
1776723314.814,room_12,1776723314.791,1776723314.795,1776723314.814,22.774,3.84,18.934,room_alerts_mp
1776723315.802,room_13,1776723315.796,1776723315.8,1776723315.802,5.63,3.99,1.642,room_alerts_mp
1776723316.804,room_14,1776723316.797,1776723316.801,1776723316.804,6.254,3.75,2.502,room_alerts_mp
1776723317.804,room_15,1776723317.8,1776723317.803,1776723317.804,4.46,2.95,1.506,room_alerts_mp
1776723318.811,room_01,1776723318.806,1776723318.809,1776723318.811,5.509,3.36,2.153,room_alerts_mp
1776723319.813,room_02,1776723319.808,1776723319.811,1776723319.813,5.191,3.72,1.469,room_alerts_mp
1776723320.816,room_03,1776723320.811,1776723320.815,1776723320.816,5.523,4.1,1.425,room_alerts_mp
1776723321.818,room_04,1776723321.813,1776723321.816,1776723321.818,4.276,2.42,1.853,room_alerts_mp
1776723322.818,room_05,1776723322.815,1776723322.816,1776723322.818,3.201,1.53,1.675,room_alerts_mp
1776723323.829,room_06,1776723323.82,1776723323.826,1776723323.829,8.559,5.47,3.092,room_alerts_mp
1776723324.832,room_07,1776723324.825,1776723324.83,1776723324.832,7.202,4.77,2.429,room_alerts_mp
1776723325.829,room_08,1776723325.827,1776723325.828,1776723325.829,2.949,1.56,1.388,room_alerts_mp
1776723326.843,room_09,1776723326.827,1776723326.842,1776723326.843,15.729,14.12,1.61,room_alerts_mp
1776723327.834,room_10,1776723327.83,1776723327.832,1776723327.834,4.066,1.86,2.202,room_alerts_mp
1776723328.839,room_11,1776723328.83,1776723328.836,1776723328.839,8.639,5.36,3.28,room_alerts_mp
1776723329.838,room_12,1776723329.832,1776723329.835,1776723329.838,5.996,3.12,2.873,room_alerts_mp
1776723330.847,room_13,1776723330.836,1776723330.843,1776723330.847,11.441,7.38,4.065,room_alerts_mp
1776723331.841,room_14,1776723331.838,1776723331.839,1776723331.841,2.843,1.42,1.42,room_alerts_mp
1776723332.842,room_15,1776723332.839,1776723332.84,1776723332.842,3.335,1.45,1.884,room_alerts_mp
1776723333.843,room_01,1776723333.84,1776723333.842,1776723333.843,3.195,1.52,1.674,room_alerts_mp
1776723334.85,room_02,1776723334.843,1776723334.846,1776723334.85,7.446,3.35,4.1,room_alerts_mp
1776723335.901,room_03,1776723335.848,1776723335.899,1776723335.901,53.417,51.71,1.711,room_alerts_mp
1776723336.858,room_04,1776723336.849,1776723336.856,1776723336.858,9.139,7.0,2.137,room_alerts_mp
1776723337.854,room_05,1776723337.85,1776723337.852,1776723337.854,3.816,1.48,2.334,room_alerts_mp
1776723338.86,room_06,1776723338.853,1776723338.858,1776723338.86,6.372,4.3,2.069,room_alerts_mp
1776723339.863,room_07,1776723339.857,1776723339.86,1776723339.863,5.735,3.08,2.653,room_alerts_mp
1776723340.864,room_08,1776723340.858,1776723340.862,1776723340.864,5.723,4.03,1.689,room_alerts_mp
1776723341.92,room_09,1776723341.859,1776723341.868,1776723341.92,60.387,8.87,51.519,room_alerts_mp
1776723342.868,room_10,1776723342.864,1776723342.865,1776723342.868,3.886,1.65,2.238,room_alerts_mp
1776723343.871,room_11,1776723343.864,1776723343.868,1776723343.871,6.254,3.45,2.809,room_alerts_mp
1776723344.872,room_12,1776723344.867,1776723344.87,1776723344.872,5.478,3.64,1.842,room_alerts_mp
1776723345.872,room_13,1776723345.868,1776723345.871,1776723345.872,4.303,3.02,1.28,room_alerts_mp
1776723346.877,room_14,1776723346.869,1776723346.875,1776723346.877,8.126,5.97,2.156,room_alerts_mp
1776723347.88,room_15,1776723347.873,1776723347.877,1776723347.88,7.251,4.1,3.149,room_alerts_mp
1776723348.88,room_01,1776723348.875,1776723348.878,1776723348.88,4.856,2.81,2.049,room_alerts_mp
1776723349.885,room_02,1776723349.879,1776723349.884,1776723349.885,6.136,4.78,1.356,room_alerts_mp
1776723350.892,room_03,1776723350.886,1776723350.89,1776723350.892,5.718,3.82,1.897,room_alerts_mp
1776723351.904,room_04,1776723351.889,1776723351.901,1776723351.904,14.657,12.37,2.29,room_alerts_mp
1776723352.906,room_05,1776723352.894,1776723352.904,1776723352.906,11.92,10.43,1.494,room_alerts_mp
1776723353.912,room_06,1776723353.906,1776723353.91,1776723353.912,5.939,4.31,1.628,room_alerts_mp
1776723354.913,room_07,1776723354.907,1776723354.911,1776723354.913,5.543,3.24,2.299,room_alerts_mp
1776723355.916,room_08,1776723355.909,1776723355.913,1776723355.916,6.812,4.25,2.562,room_alerts_mp
1776723356.916,room_09,1776723356.91,1776723356.914,1776723356.916,5.12,3.67,1.449,room_alerts_mp
1776723357.919,room_10,1776723357.911,1776723357.917,1776723357.919,7.916,5.33,2.583,room_alerts_mp
1776723358.918,room_11,1776723358.914,1776723358.916,1776723358.918,3.302,1.46,1.842,room_alerts_mp
1776723359.919,room_12,1776723359.916,1776723359.918,1776723359.919,2.539,1.51,1.032,room_alerts_mp
1776723360.92,room_13,1776723360.917,1776723360.918,1776723360.92,2.891,1.4,1.494,room_alerts_mp
1776723361.922,room_14,1776723361.918,1776723361.92,1776723361.922,3.566,1.79,1.774,room_alerts_mp
1776723362.925,room_15,1776723362.921,1776723362.923,1776723362.925,3.152,1.25,1.899,room_alerts_mp
1776723363.928,room_01,1776723363.922,1776723363.927,1776723363.928,5.954,4.31,1.642,room_alerts_mp
1776723364.933,room_02,1776723364.927,1776723364.931,1776723364.933,6.535,4.36,2.178,room_alerts_mp
1776723365.932,room_03,1776723365.928,1776723365.929,1776723365.932,4.286,1.8,2.491,room_alerts_mp
1776723366.934,room_04,1776723366.931,1776723366.933,1776723366.934,3.106,1.61,1.494,room_alerts_mp
1776723367.936,room_05,1776723367.932,1776723367.935,1776723367.936,4.126,2.7,1.426,room_alerts_mp
1776723368.939,room_06,1776723368.935,1776723368.937,1776723368.939,3.562,1.64,1.925,room_alerts_mp
1776723369.948,room_07,1776723369.94,1776723369.943,1776723369.948,7.837,2.82,5.021,room_alerts_mp
1776723370.953,room_08,1776723370.946,1776723370.95,1776723370.953,7.652,4.07,3.579,room_alerts_mp
1776723371.951,room_09,1776723371.947,1776723371.949,1776723371.951,3.729,1.58,2.151,room_alerts_mp
1776723372.952,room_10,1776723372.947,1776723372.949,1776723372.952,4.738,1.61,3.129,room_alerts_mp
1776723373.953,room_11,1776723373.95,1776723373.951,1776723373.953,2.832,1.55,1.277,room_alerts_mp
1776723374.961,room_12,1776723374.956,1776723374.959,1776723374.961,5.776,3.57,2.203,room_alerts_mp
1776723375.965,room_13,1776723375.957,1776723375.962,1776723375.965,8.237,5.33,2.907,room_alerts_mp
1776723377.038,room_14,1776723377.004,1776723377.032,1776723377.038,34.055,28.72,5.332,room_alerts_mp
1776723378.008,room_15,1776723378.005,1776723378.007,1776723378.008,2.959,1.49,1.472,room_alerts_mp
1776723379.104,room_01,1776723379.092,1776723379.098,1776723379.104,11.459,5.05,6.41,room_alerts_mp
1776723380.105,room_02,1776723380.101,1776723380.103,1776723380.105,4.161,2.13,2.027,room_alerts_mp
1776723381.11,room_03,1776723381.106,1776723381.109,1776723381.11,4.126,2.74,1.382,room_alerts_mp
1776723382.111,room_04,1776723382.107,1776723382.11,1776723382.111,4.175,2.92,1.256,room_alerts_mp
1776723383.115,room_05,1776723383.109,1776723383.112,1776723383.115,6.202,3.69,2.511,room_alerts_mp
1776723384.118,room_06,1776723384.11,1776723384.115,1776723384.118,8.329,4.97,3.361,room_alerts_mp
1776723385.114,room_07,1776723385.111,1776723385.112,1776723385.114,3.1,1.43,1.667,room_alerts_mp
1776723386.159,room_08,1776723386.155,1776723386.158,1776723386.159,3.641,2.57,1.067,room_alerts_mp
1776723387.162,room_09,1776723387.158,1776723387.16,1776723387.162,4.194,2.49,1.707,room_alerts_mp
1776723388.162,room_10,1776723388.158,1776723388.16,1776723388.162,3.589,1.64,1.945,room_alerts_mp
1776723389.163,room_11,1776723389.159,1776723389.161,1776723389.163,3.441,1.6,1.837,room_alerts_mp
1776723390.166,room_12,1776723390.16,1776723390.165,1776723390.166,6.537,4.73,1.805,room_alerts_mp
1776723391.166,room_13,1776723391.161,1776723391.165,1776723391.166,4.92,3.57,1.353,room_alerts_mp
1776723392.17,room_14,1776723392.163,1776723392.167,1776723392.17,6.643,4.38,2.268,room_alerts_mp
1776723393.17,room_15,1776723393.166,1776723393.168,1776723393.17,4.035,2.71,1.328,room_alerts_mp
1776723394.17,room_01,1776723394.167,1776723394.168,1776723394.17,3.24,1.66,1.585,room_alerts_mp
1776723395.174,room_02,1776723395.168,1776723395.172,1776723395.174,5.611,4.22,1.393,room_alerts_mp
1776723396.178,room_03,1776723396.172,1776723396.176,1776723396.178,5.851,4.08,1.768,room_alerts_mp
1776723397.188,room_04,1776723397.184,1776723397.187,1776723397.188,4.16,3.05,1.107,room_alerts_mp
1776723398.192,room_05,1776723398.187,1776723398.189,1776723398.192,5.275,2.27,3.01,room_alerts_mp
1776723399.198,room_06,1776723399.193,1776723399.197,1776723399.198,5.455,4.03,1.425,room_alerts_mp
1776723400.2,room_07,1776723400.194,1776723400.198,1776723400.2,6.007,4.1,1.91,room_alerts_mp
1776723401.203,room_08,1776723401.197,1776723401.2,1776723401.203,6.013,3.54,2.474,room_alerts_mp
1776723402.216,room_09,1776723402.198,1776723402.202,1776723402.216,17.904,3.82,14.085,room_alerts_mp
1776723403.208,room_10,1776723403.2,1776723403.205,1776723403.208,7.824,4.24,3.585,room_alerts_mp
1776723404.224,room_11,1776723404.202,1776723404.217,1776723404.224,21.278,14.86,6.414,room_alerts_mp
1776723405.228,room_12,1776723405.203,1776723405.205,1776723405.228,24.224,1.24,22.982,room_alerts_mp
1776723406.212,room_13,1776723406.205,1776723406.21,1776723406.212,6.88,5.47,1.406,room_alerts_mp
1776723407.221,room_14,1776723407.207,1776723407.218,1776723407.221,13.694,10.8,2.897,room_alerts_mp
1776723408.218,room_15,1776723408.208,1776723408.211,1776723408.218,9.959,3.22,6.738,room_alerts_mp
1776723409.214,room_01,1776723409.209,1776723409.212,1776723409.214,4.74,3.07,1.674,room_alerts_mp
1776723410.213,room_02,1776723410.21,1776723410.212,1776723410.213,3.491,1.66,1.834,room_alerts_mp
1776723411.222,room_03,1776723411.211,1776723411.22,1776723411.222,11.394,9.08,2.317,room_alerts_mp
1776723412.222,room_04,1776723412.212,1776723412.214,1776723412.222,10.297,2.38,7.922,room_alerts_mp
1776723413.229,room_05,1776723413.213,1776723413.225,1776723413.229,15.642,12.19,3.456,room_alerts_mp
1776723414.235,room_06,1776723414.214,1776723414.217,1776723414.235,21.222,2.91,18.315,room_alerts_mp
1776723415.249,room_07,1776723415.216,1776723415.217,1776723415.249,33.58,1.56,32.015,room_alerts_mp
1776723416.222,room_08,1776723416.217,1776723416.221,1776723416.222,5.293,3.51,1.784,room_alerts_mp
1776723417.23,room_09,1776723417.22,1776723417.228,1776723417.23,9.471,8.08,1.392,room_alerts_mp
1776723418.227,room_10,1776723418.223,1776723418.225,1776723418.227,3.644,1.87,1.778,room_alerts_mp
1776723419.232,room_11,1776723419.225,1776723419.231,1776723419.232,7.081,5.26,1.819,room_alerts_mp
1776723420.23,room_12,1776723420.227,1776723420.228,1776723420.23,2.813,1.48,1.329,room_alerts_mp
1776723421.237,room_13,1776723421.23,1776723421.236,1776723421.237,6.937,5.63,1.309,room_alerts_mp
1776723422.238,room_14,1776723422.231,1776723422.235,1776723422.238,6.649,4.54,2.113,room_alerts_mp
1776723423.24,room_15,1776723423.234,1776723423.238,1776723423.24,6.289,4.29,2.0,room_alerts_mp
1776723424.239,room_01,1776723424.235,1776723424.237,1776723424.239,4.623,2.69,1.937,room_alerts_mp
1776723425.243,room_02,1776723425.235,1776723425.242,1776723425.243,8.188,6.75,1.435,room_alerts_mp
1776723426.243,room_03,1776723426.238,1776723426.241,1776723426.243,4.142,3.05,1.094,room_alerts_mp
1776723427.246,room_04,1776723427.241,1776723427.244,1776723427.246,5.538,2.63,2.903,room_alerts_mp
1776723428.246,room_05,1776723428.242,1776723428.244,1776723428.246,4.407,2.42,1.984,room_alerts_mp
1776723429.251,room_06,1776723429.245,1776723429.249,1776723429.251,6.579,4.51,2.073,room_alerts_mp
1776723430.252,room_07,1776723430.246,1776723430.25,1776723430.252,6.685,4.06,2.622,room_alerts_mp
1776723431.253,room_08,1776723431.249,1776723431.251,1776723431.253,4.273,2.39,1.884,room_alerts_mp
1776723432.712,room_09,1776723432.258,1776723432.262,1776723432.712,453.535,3.28,450.252,room_alerts_mp
1776723433.268,room_10,1776723433.263,1776723433.265,1776723433.268,4.969,2.82,2.154,room_alerts_mp
1776723434.27,room_11,1776723434.264,1776723434.268,1776723434.27,6.058,4.18,1.875,room_alerts_mp
1776723435.277,room_12,1776723435.265,1776723435.266,1776723435.277,12.178,1.38,10.796,room_alerts_mp
1776723436.271,room_13,1776723436.265,1776723436.269,1776723436.271,6.23,3.69,2.54,room_alerts_mp
1776723437.274,room_14,1776723437.268,1776723437.272,1776723437.274,6.004,3.54,2.46,room_alerts_mp
1776723438.281,room_15,1776723438.274,1776723438.28,1776723438.281,7.62,6.22,1.397,room_alerts_mp
1776723439.284,room_01,1776723439.279,1776723439.282,1776723439.284,5.708,3.13,2.574,room_alerts_mp
1776723440.286,room_02,1776723440.282,1776723440.284,1776723440.286,3.895,2.49,1.402,room_alerts_mp
1776723441.295,room_03,1776723441.285,1776723441.292,1776723441.295,10.645,7.22,3.423,room_alerts_mp
1776723442.3,room_04,1776723442.288,1776723442.292,1776723442.3,11.317,3.81,7.503,room_alerts_mp
1776723443.302,room_05,1776723443.292,1776723443.295,1776723443.302,10.54,3.04,7.503,room_alerts_mp
1776723444.298,room_06,1776723444.293,1776723444.296,1776723444.298,4.927,2.87,2.06,room_alerts_mp
1776723445.302,room_07,1776723445.295,1776723445.3,1776723445.302,7.003,4.58,2.418,room_alerts_mp
1776723446.303,room_08,1776723446.296,1776723446.301,1776723446.303,6.753,4.97,1.781,room_alerts_mp
1776723447.305,room_09,1776723447.299,1776723447.303,1776723447.305,6.205,4.23,1.973,room_alerts_mp
1776723448.305,room_10,1776723448.301,1776723448.302,1776723448.305,4.322,1.45,2.872,room_alerts_mp
1776723449.31,room_11,1776723449.302,1776723449.307,1776723449.31,7.261,5.01,2.253,room_alerts_mp
1776723450.313,room_12,1776723450.304,1776723450.31,1776723450.313,9.275,6.84,2.433,room_alerts_mp
1776723451.309,room_13,1776723451.306,1776723451.307,1776723451.309,3.33,1.48,1.847,room_alerts_mp
1776723452.311,room_14,1776723452.308,1776723452.309,1776723452.311,3.583,1.56,2.023,room_alerts_mp
1776723453.315,room_15,1776723453.31,1776723453.313,1776723453.315,5.28,3.74,1.543,room_alerts_mp
1776723454.315,room_01,1776723454.311,1776723454.314,1776723454.315,4.07,2.28,1.793,room_alerts_mp
1776723455.327,room_02,1776723455.316,1776723455.325,1776723455.327,10.176,8.48,1.698,room_alerts_mp
1776723456.321,room_03,1776723456.318,1776723456.319,1776723456.321,2.958,1.41,1.544,room_alerts_mp
1776723457.327,room_04,1776723457.32,1776723457.326,1776723457.327,6.764,5.53,1.234,room_alerts_mp
1776723458.327,room_05,1776723458.323,1776723458.325,1776723458.327,3.753,1.68,2.072,room_alerts_mp
1776723459.333,room_06,1776723459.324,1776723459.331,1776723459.333,8.402,6.2,2.198,room_alerts_mp
1776723460.335,room_07,1776723460.33,1776723460.333,1776723460.335,4.512,2.77,1.742,room_alerts_mp
1776723461.335,room_08,1776723461.332,1776723461.333,1776723461.335,3.181,1.64,1.536,room_alerts_mp
1776723462.35,room_09,1776723462.337,1776723462.349,1776723462.35,13.437,11.66,1.774,room_alerts_mp
1776723463.345,room_10,1776723463.339,1776723463.342,1776723463.345,5.664,3.22,2.439,room_alerts_mp
1776723464.349,room_11,1776723464.344,1776723464.348,1776723464.349,5.053,3.61,1.44,room_alerts_mp
1776723465.349,room_12,1776723465.346,1776723465.348,1776723465.349,2.804,1.48,1.325,room_alerts_mp
1776723466.351,room_13,1776723466.347,1776723466.349,1776723466.351,3.338,1.58,1.753,room_alerts_mp
1776723467.357,room_14,1776723467.35,1776723467.355,1776723467.357,6.706,4.33,2.375,room_alerts_mp
1776723468.77,room_15,1776723468.356,1776723468.36,1776723468.77,413.911,3.33,410.577,room_alerts_mp
1776723469.367,room_01,1776723469.361,1776723469.365,1776723469.367,5.963,3.43,2.533,room_alerts_mp
1776723470.365,room_02,1776723470.362,1776723470.363,1776723470.365,2.925,1.28,1.647,room_alerts_mp
1776723471.369,room_03,1776723471.363,1776723471.367,1776723471.369,6.221,3.6,2.625,room_alerts_mp
1776723472.373,room_04,1776723472.367,1776723472.371,1776723472.373,6.704,4.49,2.211,room_alerts_mp
1776723473.375,room_05,1776723473.372,1776723473.373,1776723473.375,3.027,1.55,1.476,room_alerts_mp
1776723474.801,room_06,1776723474.373,1776723474.379,1776723474.801,428.016,6.32,421.7,room_alerts_mp
1776723475.382,room_07,1776723475.378,1776723475.38,1776723475.382,4.305,2.51,1.792,room_alerts_mp
1776723476.387,room_08,1776723476.383,1776723476.385,1776723476.387,3.861,2.66,1.203,room_alerts_mp
1776723477.392,room_09,1776723477.387,1776723477.39,1776723477.392,5.533,3.66,1.877,room_alerts_mp
1776723478.907,room_10,1776723478.392,1776723478.398,1776723478.907,514.997,5.97,509.026,room_alerts_mp
1776723479.403,room_11,1776723479.398,1776723479.401,1776723479.403,4.442,2.77,1.668,room_alerts_mp
1776723480.411,room_12,1776723480.403,1776723480.409,1776723480.411,7.556,5.94,1.614,room_alerts_mp
1776723481.407,room_13,1776723481.404,1776723481.406,1776723481.407,2.849,1.44,1.405,room_alerts_mp
1776723482.409,room_14,1776723482.405,1776723482.407,1776723482.409,3.515,1.6,1.919,room_alerts_mp
1776723483.827,room_15,1776723483.408,1776723483.411,1776723483.827,418.17,3.14,415.033,room_alerts_mp
1776723484.418,room_01,1776723484.411,1776723484.416,1776723484.418,6.625,4.9,1.727,room_alerts_mp
1776723485.415,room_02,1776723485.412,1776723485.414,1776723485.415,2.937,1.32,1.612,room_alerts_mp
1776723486.422,room_03,1776723486.415,1776723486.42,1776723486.422,6.478,4.46,2.013,room_alerts_mp
1776723487.43,room_04,1776723487.425,1776723487.428,1776723487.43,5.491,3.13,2.359,room_alerts_mp
1776723488.438,room_05,1776723488.426,1776723488.437,1776723488.438,11.957,10.59,1.364,room_alerts_mp
1776723489.442,room_06,1776723489.435,1776723489.439,1776723489.442,6.193,3.94,2.252,room_alerts_mp
1776723490.951,room_07,1776723490.44,1776723490.444,1776723490.951,510.294,3.79,506.508,room_alerts_mp
1776723491.449,room_08,1776723491.443,1776723491.446,1776723491.449,5.684,3.3,2.381,room_alerts_mp
1776723492.453,room_09,1776723492.446,1776723492.451,1776723492.453,7.687,5.75,1.936,room_alerts_mp
1776723493.453,room_10,1776723493.45,1776723493.451,1776723493.453,3.414,1.54,1.871,room_alerts_mp
1776723494.464,room_11,1776723494.46,1776723494.463,1776723494.464,4.18,2.73,1.446,room_alerts_mp
1776723495.47,room_12,1776723495.462,1776723495.468,1776723495.47,7.76,6.11,1.648,room_alerts_mp
1776723496.471,room_13,1776723496.464,1776723496.469,1776723496.471,6.788,5.33,1.455,room_alerts_mp
1776723497.478,room_14,1776723497.466,1776723497.474,1776723497.478,11.238,8.14,3.094,room_alerts_mp
1776723498.486,room_15,1776723498.483,1776723498.485,1776723498.486,2.918,1.65,1.271,room_alerts_mp
1776723499.486,room_01,1776723499.484,1776723499.485,1776723499.486,2.309,1.32,0.987,room_alerts_mp
1776723500.498,room_02,1776723500.485,1776723500.493,1776723500.498,12.551,7.82,4.735,room_alerts_mp
1776723501.49,room_03,1776723501.487,1776723501.488,1776723501.49,3.222,1.34,1.883,room_alerts_mp
1776723502.491,room_04,1776723502.488,1776723502.49,1776723502.491,3.155,1.41,1.74,room_alerts_mp
1776723503.493,room_05,1776723503.49,1776723503.491,1776723503.493,3.243,1.66,1.588,room_alerts_mp
1776723504.498,room_06,1776723504.493,1776723504.496,1776723504.498,5.445,3.62,1.821,room_alerts_mp
1776723505.502,room_07,1776723505.494,1776723505.5,1776723505.502,7.717,6.27,1.443,room_alerts_mp
1776723506.498,room_08,1776723506.496,1776723506.497,1776723506.498,2.651,1.3,1.348,room_alerts_mp
1776723507.499,room_09,1776723507.496,1776723507.498,1776723507.499,2.962,1.38,1.579,room_alerts_mp
1776723508.501,room_10,1776723508.497,1776723508.499,1776723508.501,3.876,1.7,2.177,room_alerts_mp
1776723509.507,room_11,1776723509.502,1776723509.505,1776723509.507,5.433,2.88,2.556,room_alerts_mp
1776723510.516,room_12,1776723510.504,1776723510.514,1776723510.516,11.831,9.87,1.959,room_alerts_mp
1776723511.514,room_13,1776723511.506,1776723511.512,1776723511.514,7.868,6.35,1.521,room_alerts_mp
1776723512.513,room_14,1776723512.51,1776723512.511,1776723512.513,2.848,1.5,1.344,room_alerts_mp
1776723517.528,room_04,1776723517.525,1776723517.527,1776723517.528,3.474,1.85,1.619,room_alerts_mp
1776723518.541,room_05,1776723518.529,1776723518.539,1776723518.541,12.697,10.33,2.364,room_alerts_mp
1776723521.578,room_08,1776723521.542,1776723521.545,1776723521.578,36.353,2.76,33.591,room_alerts_mp
1776723523.547,room_10,1776723523.544,1776723523.546,1776723523.547,3.02,1.67,1.349,room_alerts_mp
1776723523.637,room_02,1776723515.521,1776723523.634,1776723523.637,8115.856,8113.26,2.593,room_alerts_mp
1776723523.637,room_15,1776723513.511,1776723523.634,1776723523.637,10126.173,10123.14,3.037,room_alerts_mp
1776723523.637,room_03,1776723516.524,1776723523.634,1776723523.637,7113.052,7110.02,3.029,room_alerts_mp
1776723523.637,room_06,1776723519.536,1776723523.634,1776723523.637,4101.383,4098.31,3.074,room_alerts_mp
1776723523.637,room_07,1776723520.539,1776723523.634,1776723523.637,3098.235,3095.12,3.114,room_alerts_mp
1776723523.637,room_09,1776723522.543,1776723523.634,1776723523.637,1094.229,1091.07,3.157,room_alerts_mp
1776723523.637,room_01,1776723514.514,1776723523.634,1776723523.637,9123.538,9120.33,3.203,room_alerts_mp
1776723524.548,room_11,1776723524.545,1776723524.546,1776723524.548,3.273,1.45,1.819,room_alerts_mp
1776723525.551,room_12,1776723525.545,1776723525.549,1776723525.551,5.23,3.2,2.028,room_alerts_mp
1776723526.557,room_13,1776723526.549,1776723526.553,1776723526.557,7.389,3.96,3.427,room_alerts_mp
1776723527.564,room_14,1776723527.555,1776723527.562,1776723527.564,9.238,7.54,1.702,room_alerts_mp
1776723528.566,room_15,1776723528.559,1776723528.564,1776723528.566,6.356,4.61,1.746,room_alerts_mp
1776723529.569,room_01,1776723529.563,1776723529.567,1776723529.569,6.355,4.22,2.139,room_alerts_mp
1776723530.57,room_02,1776723530.565,1776723530.568,1776723530.57,4.51,2.97,1.539,room_alerts_mp
1776723531.573,room_03,1776723531.57,1776723531.572,1776723531.573,3.532,2.07,1.464,room_alerts_mp
1776723533.083,room_04,1776723532.571,1776723532.581,1776723533.083,512.506,10.02,502.485,room_alerts_mp
1776723534.094,room_05,1776723533.574,1776723533.586,1776723534.094,520.312,12.19,508.122,room_alerts_mp
1776723534.585,room_06,1776723534.58,1776723534.583,1776723534.585,5.626,3.42,2.207,room_alerts_mp
1776723535.584,room_07,1776723535.581,1776723535.582,1776723535.584,3.135,1.52,1.615,room_alerts_mp
1776723536.594,room_08,1776723536.582,1776723536.586,1776723536.594,12.481,4.2,8.277,room_alerts_mp
1776723537.591,room_09,1776723537.585,1776723537.589,1776723537.591,5.992,3.95,2.038,room_alerts_mp
1776723538.593,room_10,1776723538.587,1776723538.591,1776723538.593,6.312,4.58,1.736,room_alerts_mp
1776723539.596,room_11,1776723539.589,1776723539.594,1776723539.596,7.462,5.64,1.826,room_alerts_mp
1776723540.601,room_12,1776723540.593,1776723540.6,1776723540.601,7.647,6.16,1.488,room_alerts_mp
1776723541.602,room_13,1776723541.595,1776723541.599,1776723541.602,6.945,4.51,2.438,room_alerts_mp
1776723542.606,room_14,1776723542.599,1776723542.602,1776723542.606,6.88,3.39,3.495,room_alerts_mp
1776723543.609,room_15,1776723543.602,1776723543.607,1776723543.609,7.049,4.61,2.443,room_alerts_mp
1776723544.613,room_01,1776723544.608,1776723544.612,1776723544.613,5.653,3.68,1.971,room_alerts_mp
1776723545.62,room_02,1776723545.614,1776723545.618,1776723545.62,6.533,4.22,2.316,room_alerts_mp
1776723546.623,room_03,1776723546.616,1776723546.621,1776723546.623,7.219,5.52,1.694,room_alerts_mp
1776723547.624,room_04,1776723547.618,1776723547.623,1776723547.624,6.008,4.67,1.335,room_alerts_mp
1776723548.628,room_05,1776723548.619,1776723548.626,1776723548.628,9.014,6.18,2.835,room_alerts_mp
1776723549.646,room_06,1776723549.621,1776723549.644,1776723549.646,25.101,23.74,1.359,room_alerts_mp
1776723550.63,room_07,1776723550.625,1776723550.629,1776723550.63,5.664,3.83,1.837,room_alerts_mp
1776723551.634,room_08,1776723551.627,1776723551.632,1776723551.634,7.478,5.22,2.257,room_alerts_mp
1776723552.633,room_09,1776723552.628,1776723552.632,1776723552.633,5.358,3.91,1.449,room_alerts_mp
1776723553.634,room_10,1776723553.632,1776723553.633,1776723553.634,2.953,1.44,1.513,room_alerts_mp
1776723554.636,room_11,1776723554.632,1776723554.634,1776723554.636,3.636,1.65,1.982,room_alerts_mp
1776723555.646,room_12,1776723555.638,1776723555.644,1776723555.646,8.325,6.26,2.061,room_alerts_mp
1776723556.651,room_13,1776723556.644,1776723556.648,1776723556.651,7.083,4.03,3.057,room_alerts_mp
1776723557.656,room_14,1776723557.65,1776723557.651,1776723557.656,6.242,1.72,4.525,room_alerts_mp
1776723558.655,room_15,1776723558.652,1776723558.653,1776723558.655,3.137,1.66,1.478,room_alerts_mp
1776723559.659,room_01,1776723559.656,1776723559.658,1776723559.659,2.721,1.37,1.352,room_alerts_mp
1776723560.665,room_02,1776723560.658,1776723560.664,1776723560.665,7.503,6.02,1.484,room_alerts_mp
1776723561.667,room_03,1776723561.66,1776723561.664,1776723561.667,6.68,3.87,2.807,room_alerts_mp
1776723562.67,room_04,1776723562.663,1776723562.665,1776723562.67,6.866,1.49,5.372,room_alerts_mp
1776723563.668,room_05,1776723563.664,1776723563.665,1776723563.668,3.702,1.32,2.386,room_alerts_mp
1776723564.674,room_06,1776723564.667,1776723564.673,1776723564.674,7.386,5.99,1.394,room_alerts_mp
1776723565.674,room_07,1776723565.668,1776723565.672,1776723565.674,6.052,4.12,1.934,room_alerts_mp
1776723566.681,room_08,1776723566.674,1776723566.678,1776723566.681,6.634,4.12,2.519,room_alerts_mp
1776723567.681,room_09,1776723567.676,1776723567.68,1776723567.681,5.733,4.2,1.538,room_alerts_mp
1776723568.687,room_10,1776723568.68,1776723568.684,1776723568.687,7.169,4.56,2.614,room_alerts_mp
1776723569.69,room_11,1776723569.684,1776723569.688,1776723569.69,6.227,4.68,1.547,room_alerts_mp
1776723570.69,room_12,1776723570.686,1776723570.688,1776723570.69,4.71,2.88,1.829,room_alerts_mp
1776723571.696,room_13,1776723571.688,1776723571.695,1776723571.696,8.334,7.02,1.314,room_alerts_mp
1776723572.693,room_14,1776723572.689,1776723572.691,1776723572.693,3.424,1.86,1.559,room_alerts_mp
1776723573.698,room_15,1776723573.691,1776723573.696,1776723573.698,6.861,4.29,2.57,room_alerts_mp
1776723574.701,room_01,1776723574.693,1776723574.698,1776723574.701,7.172,4.91,2.262,room_alerts_mp
1776723575.705,room_02,1776723575.697,1776723575.703,1776723575.705,8.648,6.52,2.131,room_alerts_mp
1776723576.715,room_03,1776723576.699,1776723576.7,1776723576.715,16.042,1.5,14.545,room_alerts_mp
1776723577.71,room_04,1776723577.701,1776723577.708,1776723577.71,8.654,6.98,1.67,room_alerts_mp
1776723578.713,room_05,1776723578.707,1776723578.711,1776723578.713,6.169,4.55,1.621,room_alerts_mp
1776723579.713,room_06,1776723579.71,1776723579.712,1776723579.713,2.769,1.38,1.391,room_alerts_mp
1776723580.721,room_07,1776723580.714,1776723580.719,1776723580.721,6.828,5.11,1.715,room_alerts_mp
1776723581.721,room_08,1776723581.715,1776723581.719,1776723581.721,5.815,3.64,2.18,room_alerts_mp
1776723583.221,room_09,1776723582.716,1776723582.722,1776723583.221,504.818,5.99,498.826,room_alerts_mp
1776723583.729,room_10,1776723583.721,1776723583.727,1776723583.729,7.115,5.63,1.488,room_alerts_mp
1776723584.729,room_11,1776723584.723,1776723584.726,1776723584.729,5.926,3.24,2.69,room_alerts_mp
1776723585.738,room_12,1776723585.725,1776723585.728,1776723585.738,13.579,3.33,10.252,room_alerts_mp
1776723586.737,room_13,1776723586.729,1776723586.736,1776723586.737,7.729,6.37,1.362,room_alerts_mp
1776723587.745,room_14,1776723587.731,1776723587.735,1776723587.745,13.838,4.14,9.699,room_alerts_mp
1776723588.739,room_15,1776723588.736,1776723588.737,1776723588.739,3.028,1.3,1.727,room_alerts_mp
1776723589.747,room_01,1776723589.737,1776723589.746,1776723589.747,9.383,8.24,1.142,room_alerts_mp
1776723590.747,room_02,1776723590.739,1776723590.745,1776723590.747,8.622,6.53,2.088,room_alerts_mp
1776723591.743,room_03,1776723591.74,1776723591.741,1776723591.743,2.854,1.15,1.701,room_alerts_mp
1776723592.749,room_04,1776723592.742,1776723592.746,1776723592.749,7.26,4.8,2.464,room_alerts_mp
1776723593.754,room_05,1776723593.745,1776723593.751,1776723593.754,9.028,6.53,2.501,room_alerts_mp
1776723594.752,room_06,1776723594.747,1776723594.75,1776723594.752,4.958,3.17,1.791,room_alerts_mp
1776723595.754,room_07,1776723595.751,1776723595.753,1776723595.754,2.517,1.32,1.194,room_alerts_mp
1776723596.761,room_08,1776723596.753,1776723596.759,1776723596.761,8.281,5.8,2.48,room_alerts_mp
1776723597.758,room_09,1776723597.755,1776723597.757,1776723597.758,3.212,1.64,1.576,room_alerts_mp
1776723598.766,room_10,1776723598.761,1776723598.765,1776723598.766,5.345,3.72,1.628,room_alerts_mp
1776723599.766,room_11,1776723599.763,1776723599.764,1776723599.766,3.29,1.48,1.81,room_alerts_mp
1776723600.771,room_12,1776723600.765,1776723600.768,1776723600.771,6.62,3.54,3.082,room_alerts_mp
1776723601.77,room_13,1776723601.766,1776723601.768,1776723601.77,3.994,2.14,1.852,room_alerts_mp
1776723602.773,room_14,1776723602.767,1776723602.77,1776723602.773,6.003,3.01,2.992,room_alerts_mp
1776723603.775,room_15,1776723603.769,1776723603.773,1776723603.775,6.623,4.48,2.144,room_alerts_mp
1776723604.773,room_01,1776723604.77,1776723604.772,1776723604.773,2.49,1.47,1.018,room_alerts_mp
1776723605.777,room_02,1776723605.772,1776723605.776,1776723605.777,5.552,4.06,1.489,room_alerts_mp
1776723606.778,room_03,1776723606.773,1776723606.776,1776723606.778,5.578,3.69,1.887,room_alerts_mp
1776723607.78,room_04,1776723607.774,1776723607.778,1776723607.78,5.829,3.76,2.065,room_alerts_mp
1776723608.783,room_05,1776723608.775,1776723608.778,1776723608.783,8.458,3.13,5.324,room_alerts_mp
1776723609.779,room_06,1776723609.776,1776723609.777,1776723609.779,2.815,1.31,1.505,room_alerts_mp
1776723610.784,room_07,1776723610.777,1776723610.782,1776723610.784,7.074,5.11,1.963,room_alerts_mp
1776723611.783,room_08,1776723611.779,1776723611.781,1776723611.783,3.685,2.2,1.488,room_alerts_mp
1776723612.787,room_09,1776723612.781,1776723612.785,1776723612.787,5.613,3.71,1.907,room_alerts_mp
1776723613.786,room_10,1776723613.783,1776723613.784,1776723613.786,3.881,1.82,2.06,room_alerts_mp
1776723614.795,room_11,1776723614.783,1776723614.785,1776723614.795,12.488,1.66,10.829,room_alerts_mp
1776723615.793,room_12,1776723615.786,1776723615.791,1776723615.793,7.65,5.46,2.191,room_alerts_mp
1776723616.797,room_13,1776723616.792,1776723616.796,1776723616.797,5.104,3.48,1.62,room_alerts_mp
1776723617.8,room_14,1776723617.794,1776723617.798,1776723617.8,5.694,4.06,1.631,room_alerts_mp
1776723618.807,room_15,1776723618.8,1776723618.803,1776723618.807,6.537,3.12,3.418,room_alerts_mp
1776723619.865,room_01,1776723619.806,1776723619.863,1776723619.865,59.046,57.53,1.516,room_alerts_mp
1776723620.81,room_02,1776723620.807,1776723620.809,1776723620.81,3.297,1.67,1.623,room_alerts_mp
1776723621.815,room_03,1776723621.81,1776723621.814,1776723621.815,5.094,3.97,1.126,room_alerts_mp
1776723622.86,room_04,1776723622.812,1776723622.822,1776723622.86,47.764,10.0,37.766,room_alerts_mp
1776723623.821,room_05,1776723623.815,1776723623.82,1776723623.821,6.656,5.59,1.069,room_alerts_mp
1776723624.825,room_06,1776723624.819,1776723624.823,1776723624.825,6.439,3.94,2.502,room_alerts_mp
1776723625.827,room_07,1776723625.821,1776723625.824,1776723625.827,6.284,3.52,2.767,room_alerts_mp
1776723626.829,room_08,1776723626.823,1776723626.827,1776723626.829,5.934,3.24,2.692,room_alerts_mp
1776723627.83,room_09,1776723627.825,1776723627.828,1776723627.83,4.862,3.19,1.668,room_alerts_mp
1776723628.83,room_10,1776723628.827,1776723628.829,1776723628.83,2.844,1.64,1.203,room_alerts_mp
1776723629.833,room_11,1776723629.829,1776723629.831,1776723629.833,3.902,1.6,2.307,room_alerts_mp
1776723630.835,room_12,1776723630.83,1776723630.832,1776723630.835,5.002,1.96,3.046,room_alerts_mp
1776723631.834,room_13,1776723631.831,1776723631.832,1776723631.834,3.237,1.42,1.82,room_alerts_mp
1776723632.838,room_14,1776723632.835,1776723632.837,1776723632.838,3.246,1.6,1.642,room_alerts_mp
1776723633.839,room_15,1776723633.836,1776723633.838,1776723633.839,3.068,1.55,1.517,room_alerts_mp
1776723634.84,room_01,1776723634.837,1776723634.838,1776723634.84,3.591,1.36,2.234,room_alerts_mp
1776723635.851,room_02,1776723635.847,1776723635.849,1776723635.851,3.81,1.89,1.915,room_alerts_mp
1776723636.85,room_03,1776723636.848,1776723636.849,1776723636.85,2.725,1.17,1.554,room_alerts_mp
1776723637.852,room_04,1776723637.849,1776723637.85,1776723637.852,2.751,1.16,1.594,room_alerts_mp
1776723638.856,room_05,1776723638.851,1776723638.855,1776723638.856,5.212,3.56,1.651,room_alerts_mp
1776723639.866,room_06,1776723639.858,1776723639.863,1776723639.866,7.488,4.87,2.619,room_alerts_mp
1776723640.863,room_07,1776723640.86,1776723640.861,1776723640.863,2.856,1.42,1.432,room_alerts_mp
1776723641.863,room_08,1776723641.861,1776723641.862,1776723641.863,2.53,1.33,1.195,room_alerts_mp
1776723642.97,room_09,1776723642.863,1776723642.967,1776723642.97,107.808,104.09,3.713,room_alerts_mp
1776723643.873,room_10,1776723643.865,1776723643.871,1776723643.873,7.789,6.22,1.572,room_alerts_mp
1776723644.875,room_11,1776723644.866,1776723644.873,1776723644.875,8.974,6.15,2.821,room_alerts_mp
1776723645.875,room_12,1776723645.869,1776723645.874,1776723645.875,6.155,4.73,1.426,room_alerts_mp
1776723646.874,room_13,1776723646.871,1776723646.873,1776723646.874,2.941,1.45,1.494,room_alerts_mp
1776723647.886,room_14,1776723647.874,1776723647.884,1776723647.886,11.865,10.49,1.377,room_alerts_mp
1776723648.884,room_15,1776723648.877,1776723648.882,1776723648.884,7.211,4.99,2.219,room_alerts_mp
1776723649.885,room_01,1776723649.878,1776723649.883,1776723649.885,6.732,5.33,1.397,room_alerts_mp
1776723650.883,room_02,1776723650.881,1776723650.882,1776723650.883,2.806,1.36,1.444,room_alerts_mp
1776723651.887,room_03,1776723651.882,1776723651.885,1776723651.887,5.334,3.59,1.741,room_alerts_mp
1776723652.89,room_04,1776723652.884,1776723652.888,1776723652.89,5.815,4.0,1.813,room_alerts_mp
1776723653.893,room_05,1776723653.887,1776723653.892,1776723653.893,5.66,4.17,1.491,room_alerts_mp
1776723654.896,room_06,1776723654.892,1776723654.894,1776723654.896,3.789,1.88,1.908,room_alerts_mp
1776723655.897,room_07,1776723655.894,1776723655.895,1776723655.897,2.877,1.48,1.394,room_alerts_mp
1776723656.917,room_08,1776723656.9,1776723656.916,1776723656.917,16.929,15.55,1.377,room_alerts_mp
1776723657.909,room_09,1776723657.904,1776723657.907,1776723657.909,4.672,3.02,1.651,room_alerts_mp
1776723658.913,room_10,1776723658.91,1776723658.912,1776723658.913,3.109,1.43,1.682,room_alerts_mp
1776723659.914,room_11,1776723659.911,1776723659.912,1776723659.914,2.957,1.42,1.536,room_alerts_mp
1776723660.915,room_12,1776723660.912,1776723660.913,1776723660.915,3.379,1.57,1.81,room_alerts_mp
1776723661.919,room_13,1776723661.915,1776723661.917,1776723661.919,3.16,1.54,1.62,room_alerts_mp
1776723662.92,room_14,1776723662.917,1776723662.918,1776723662.92,3.046,1.45,1.598,room_alerts_mp
1776723663.925,room_15,1776723663.918,1776723663.922,1776723663.925,7.827,4.87,2.961,room_alerts_mp
1776723664.923,room_01,1776723664.92,1776723664.921,1776723664.923,3.238,1.41,1.824,room_alerts_mp
1776723665.925,room_02,1776723665.922,1776723665.923,1776723665.925,2.794,1.37,1.42,room_alerts_mp
1776723666.93,room_03,1776723666.926,1776723666.928,1776723666.93,3.241,1.56,1.683,room_alerts_mp
1776723667.93,room_04,1776723667.928,1776723667.929,1776723667.93,2.532,1.48,1.056,room_alerts_mp
1776723668.935,room_05,1776723668.931,1776723668.933,1776723668.935,3.98,1.7,2.281,room_alerts_mp
1776723669.941,room_06,1776723669.933,1776723669.938,1776723669.941,7.476,4.9,2.575,room_alerts_mp
1776723670.938,room_07,1776723670.935,1776723670.936,1776723670.938,2.738,1.3,1.434,room_alerts_mp
1776723671.941,room_08,1776723671.938,1776723671.939,1776723671.941,3.288,1.59,1.7,room_alerts_mp
1776723672.945,room_09,1776723672.942,1776723672.944,1776723672.945,3.255,1.57,1.69,room_alerts_mp
1776723673.946,room_10,1776723673.943,1776723673.945,1776723673.946,2.843,1.64,1.201,room_alerts_mp
1776723674.947,room_11,1776723674.944,1776723674.946,1776723674.947,2.804,1.58,1.224,room_alerts_mp
1776723675.96,room_12,1776723675.948,1776723675.955,1776723675.96,11.795,6.63,5.165,room_alerts_mp
1776723676.954,room_13,1776723676.949,1776723676.951,1776723676.954,4.585,2.04,2.545,room_alerts_mp
1776723677.956,room_14,1776723677.95,1776723677.954,1776723677.956,5.663,4.04,1.627,room_alerts_mp
1776723678.956,room_15,1776723678.952,1776723678.955,1776723678.956,4.25,2.8,1.451,room_alerts_mp
1776723679.957,room_01,1776723679.954,1776723679.956,1776723679.957,2.564,1.34,1.222,room_alerts_mp
1776723680.965,room_02,1776723680.955,1776723680.962,1776723680.965,9.899,6.31,3.588,room_alerts_mp
1776723681.961,room_03,1776723681.956,1776723681.959,1776723681.961,5.086,3.45,1.633,room_alerts_mp
1776723682.966,room_04,1776723682.959,1776723682.963,1776723682.966,6.683,4.49,2.194,room_alerts_mp
1776723683.965,room_05,1776723683.961,1776723683.963,1776723683.965,3.453,1.38,2.074,room_alerts_mp
1776723684.969,room_06,1776723684.963,1776723684.967,1776723684.969,6.294,4.25,2.043,room_alerts_mp
1776723685.971,room_07,1776723685.965,1776723685.97,1776723685.971,6.158,4.5,1.655,room_alerts_mp
1776723686.973,room_08,1776723686.967,1776723686.971,1776723686.973,5.608,4.19,1.422,room_alerts_mp
1776723687.972,room_09,1776723687.969,1776723687.971,1776723687.972,3.065,1.53,1.538,room_alerts_mp
1776723688.977,room_10,1776723688.974,1776723688.975,1776723688.977,3.002,1.4,1.606,room_alerts_mp
1776723689.979,room_11,1776723689.975,1776723689.978,1776723689.979,4.015,2.5,1.51,room_alerts_mp
1776723690.983,room_12,1776723690.978,1776723690.982,1776723690.983,5.421,4.31,1.112,room_alerts_mp
1776723691.988,room_13,1776723691.981,1776723691.985,1776723691.988,6.632,4.16,2.468,room_alerts_mp
1776723692.989,room_14,1776723692.983,1776723692.987,1776723692.989,6.001,4.02,1.985,room_alerts_mp
1776723693.996,room_15,1776723693.989,1776723693.994,1776723693.996,7.002,4.82,2.179,room_alerts_mp
1776723694.996,room_01,1776723694.991,1776723694.994,1776723694.996,4.261,2.97,1.287,room_alerts_mp
1776723696.001,room_02,1776723695.993,1776723695.997,1776723696.001,7.602,4.37,3.228,room_alerts_mp
1776723696.999,room_03,1776723696.995,1776723696.997,1776723696.999,3.114,1.35,1.768,room_alerts_mp
1776723697.999,room_04,1776723697.996,1776723697.998,1776723697.999,2.624,1.48,1.142,room_alerts_mp
1776723699.019,room_05,1776723698.999,1776723699.018,1776723699.019,19.98,18.68,1.303,room_alerts_mp
1776723700.02,room_06,1776723700.002,1776723700.018,1776723700.02,17.643,15.9,1.738,room_alerts_mp
1776723701.017,room_07,1776723701.014,1776723701.015,1776723701.017,3.007,1.69,1.321,room_alerts_mp
1776723702.019,room_08,1776723702.016,1776723702.018,1776723702.019,3.126,1.43,1.7,room_alerts_mp
1776723703.024,room_09,1776723703.017,1776723703.022,1776723703.024,7.066,4.81,2.253,room_alerts_mp
1776723704.021,room_10,1776723704.018,1776723704.02,1776723704.021,2.947,1.6,1.343,room_alerts_mp
1776723705.025,room_11,1776723705.02,1776723705.023,1776723705.025,5.637,3.53,2.107,room_alerts_mp
1776723706.026,room_12,1776723706.021,1776723706.025,1776723706.026,5.251,3.69,1.564,room_alerts_mp
1776723707.026,room_13,1776723707.023,1776723707.024,1776723707.026,2.771,1.39,1.379,room_alerts_mp
1776723708.027,room_14,1776723708.024,1776723708.025,1776723708.027,2.856,1.3,1.56,room_alerts_mp
1776723709.033,room_15,1776723709.025,1776723709.03,1776723709.033,7.379,5.02,2.355,room_alerts_mp
1776723710.029,room_01,1776723710.026,1776723710.028,1776723710.029,2.961,1.51,1.447,room_alerts_mp
1776723711.035,room_02,1776723711.027,1776723711.032,1776723711.035,7.48,4.91,2.566,room_alerts_mp
1776723712.037,room_03,1776723712.031,1776723712.034,1776723712.037,6.198,3.17,3.024,room_alerts_mp
1776723713.037,room_04,1776723713.034,1776723713.036,1776723713.037,3.218,1.53,1.685,room_alerts_mp
1776723714.046,room_05,1776723714.035,1776723714.038,1776723714.046,11.196,2.3,8.894,room_alerts_mp
1776723715.042,room_06,1776723715.037,1776723715.039,1776723715.042,5.557,2.55,3.01,room_alerts_mp
1776723716.049,room_07,1776723716.039,1776723716.045,1776723716.049,9.422,5.37,4.049,room_alerts_mp
1776723717.045,room_08,1776723717.041,1776723717.043,1776723717.045,4.285,2.38,1.908,room_alerts_mp
1776723718.045,room_09,1776723718.042,1776723718.043,1776723718.045,2.589,1.36,1.23,room_alerts_mp
1776723719.046,room_10,1776723719.042,1776723719.044,1776723719.046,3.67,1.89,1.78,room_alerts_mp
1776723720.052,room_11,1776723720.044,1776723720.05,1776723720.052,8.039,5.95,2.087,room_alerts_mp
1776723721.052,room_12,1776723721.046,1776723721.047,1776723721.052,5.984,1.26,4.722,room_alerts_mp
1776723722.052,room_13,1776723722.046,1776723722.05,1776723722.052,5.061,3.48,1.579,room_alerts_mp
1776723723.055,room_14,1776723723.048,1776723723.051,1776723723.055,7.3,3.23,4.07,room_alerts_mp
1776723724.057,room_15,1776723724.05,1776723724.054,1776723724.057,6.202,3.84,2.363,room_alerts_mp
1776723725.056,room_01,1776723725.052,1776723725.054,1776723725.056,3.329,1.43,1.902,room_alerts_mp
1776723726.062,room_02,1776723726.054,1776723726.059,1776723726.062,7.898,5.66,2.242,room_alerts_mp
1776723727.063,room_03,1776723727.059,1776723727.06,1776723727.063,3.916,1.48,2.439,room_alerts_mp
1776723728.065,room_04,1776723728.063,1776723728.064,1776723728.065,2.822,1.45,1.37,room_alerts_mp
1776723729.073,room_05,1776723729.068,1776723729.072,1776723729.073,5.722,4.08,1.637,room_alerts_mp
1776723730.081,room_06,1776723730.075,1776723730.079,1776723730.081,5.927,4.19,1.739,room_alerts_mp
1776723731.08,room_07,1776723731.077,1776723731.078,1776723731.08,3.059,1.29,1.765,room_alerts_mp
1776723732.088,room_08,1776723732.079,1776723732.08,1776723732.088,9.282,1.53,7.751,room_alerts_mp
1776723733.089,room_09,1776723733.081,1776723733.087,1776723733.089,7.928,5.82,2.11,room_alerts_mp
1776723734.097,room_10,1776723734.089,1776723734.095,1776723734.097,7.226,5.35,1.879,room_alerts_mp
1776723735.108,room_11,1776723735.097,1776723735.106,1776723735.108,11.024,9.06,1.966,room_alerts_mp
1776723736.108,room_12,1776723736.1,1776723736.107,1776723736.108,8.396,7.07,1.326,room_alerts_mp
1776723737.114,room_13,1776723737.109,1776723737.112,1776723737.114,5.435,3.36,2.077,room_alerts_mp
1776723738.113,room_14,1776723738.11,1776723738.112,1776723738.113,3.044,1.38,1.667,room_alerts_mp
1776723739.627,room_15,1776723739.116,1776723739.624,1776723739.627,510.845,507.87,2.97,room_alerts_mp
1776723740.121,room_01,1776723740.118,1776723740.119,1776723740.121,2.915,1.49,1.428,room_alerts_mp
1776723741.131,room_02,1776723741.124,1776723741.129,1776723741.131,6.938,5.12,1.821,room_alerts_mp
1776723742.129,room_03,1776723742.127,1776723742.128,1776723742.129,2.667,1.32,1.351,room_alerts_mp
1776723743.132,room_04,1776723743.128,1776723743.129,1776723743.132,3.734,1.42,2.313,room_alerts_mp
1776723744.135,room_05,1776723744.128,1776723744.132,1776723744.135,6.083,3.99,2.093,room_alerts_mp
1776723745.132,room_06,1776723745.129,1776723745.13,1776723745.132,2.879,1.08,1.796,room_alerts_mp
1776723746.137,room_07,1776723746.131,1776723746.135,1776723746.137,5.431,3.72,1.71,room_alerts_mp
1776723747.138,room_08,1776723747.133,1776723747.137,1776723747.138,5.626,3.92,1.707,room_alerts_mp
1776723748.138,room_09,1776723748.134,1776723748.136,1776723748.138,3.209,1.44,1.765,room_alerts_mp
1776723749.144,room_10,1776723749.136,1776723749.142,1776723749.144,7.774,5.78,1.991,room_alerts_mp
1776723750.654,room_11,1776723750.138,1776723750.147,1776723750.654,516.748,9.25,507.497,room_alerts_mp
1776723751.147,room_12,1776723751.139,1776723751.145,1776723751.147,8.441,6.24,2.197,room_alerts_mp
1776723752.146,room_13,1776723752.14,1776723752.144,1776723752.146,6.005,4.11,1.893,room_alerts_mp
1776723753.143,room_14,1776723753.141,1776723753.142,1776723753.143,2.899,1.47,1.431,room_alerts_mp
1776723754.149,room_15,1776723754.142,1776723754.146,1776723754.149,6.842,4.25,2.597,room_alerts_mp
1776723755.149,room_01,1776723755.143,1776723755.147,1776723755.149,6.284,4.34,1.947,room_alerts_mp
1776723756.154,room_02,1776723756.145,1776723756.152,1776723756.154,8.676,6.55,2.13,room_alerts_mp
1776723757.159,room_03,1776723757.149,1776723757.157,1776723757.159,10.115,8.67,1.441,room_alerts_mp
1776723758.157,room_04,1776723758.154,1776723758.156,1776723758.157,2.954,1.44,1.518,room_alerts_mp
1776723759.166,room_05,1776723759.161,1776723759.164,1776723759.166,5.419,2.99,2.425,room_alerts_mp
1776723760.382,room_06,1776723760.165,1776723760.169,1776723760.382,217.119,3.85,213.273,room_alerts_mp
1776723761.172,room_07,1776723761.167,1776723761.17,1776723761.172,5.368,3.02,2.353,room_alerts_mp
1776723762.177,room_08,1776723762.168,1776723762.173,1776723762.177,8.279,4.58,3.695,room_alerts_mp
1776723763.178,room_09,1776723763.17,1776723763.176,1776723763.178,8.261,6.39,1.868,room_alerts_mp
1776723764.178,room_10,1776723764.172,1776723764.176,1776723764.178,6.371,4.56,1.812,room_alerts_mp
1776723765.181,room_11,1776723765.174,1776723765.179,1776723765.181,6.356,4.65,1.703,room_alerts_mp
1776723766.189,room_12,1776723766.18,1776723766.187,1776723766.189,8.456,6.79,1.667,room_alerts_mp
1776723767.184,room_13,1776723767.182,1776723767.183,1776723767.184,2.184,0.89,1.296,room_alerts_mp
1776723768.189,room_14,1776723768.183,1776723768.187,1776723768.189,5.574,3.77,1.806,room_alerts_mp
1776723769.19,room_15,1776723769.185,1776723769.189,1776723769.19,5.581,3.71,1.873,room_alerts_mp
1776723770.191,room_01,1776723770.188,1776723770.189,1776723770.191,2.836,1.43,1.41,room_alerts_mp
1776723771.195,room_02,1776723771.189,1776723771.193,1776723771.195,5.777,4.11,1.664,room_alerts_mp
1776723772.197,room_03,1776723772.191,1776723772.194,1776723772.197,5.217,2.8,2.42,room_alerts_mp
1776723773.196,room_04,1776723773.193,1776723773.194,1776723773.196,2.547,1.34,1.209,room_alerts_mp
1776723774.2,room_05,1776723774.194,1776723774.199,1776723774.2,6.658,4.87,1.786,room_alerts_mp
1776723775.202,room_06,1776723775.195,1776723775.2,1776723775.202,6.598,5.35,1.251,room_alerts_mp
1776723776.201,room_07,1776723776.198,1776723776.199,1776723776.201,2.885,1.15,1.738,room_alerts_mp
1776723777.206,room_08,1776723777.2,1776723777.204,1776723777.206,5.795,4.04,1.755,room_alerts_mp
1776723778.204,room_09,1776723778.201,1776723778.202,1776723778.204,2.674,1.24,1.439,room_alerts_mp
1776723779.73,room_10,1776723779.203,1776723779.212,1776723779.73,527.014,8.3,518.713,room_alerts_mp
1776723780.21,room_11,1776723780.205,1776723780.209,1776723780.21,5.429,4.19,1.237,room_alerts_mp
1776723781.209,room_12,1776723781.206,1776723781.207,1776723781.209,2.861,1.31,1.547,room_alerts_mp
1776723782.211,room_13,1776723782.208,1776723782.209,1776723782.211,3.212,1.84,1.377,room_alerts_mp
1776723783.219,room_14,1776723783.213,1776723783.217,1776723783.219,5.825,3.98,1.842,room_alerts_mp
1776723784.729,room_15,1776723784.216,1776723784.276,1776723784.729,512.694,59.91,452.78,room_alerts_mp
1776723785.224,room_01,1776723785.218,1776723785.222,1776723785.224,5.578,4.04,1.54,room_alerts_mp
1776723786.222,room_02,1776723786.22,1776723786.221,1776723786.222,2.791,1.12,1.669,room_alerts_mp
1776723787.225,room_03,1776723787.22,1776723787.223,1776723787.225,4.318,2.87,1.444,room_alerts_mp
1776723788.225,room_04,1776723788.222,1776723788.223,1776723788.225,2.765,1.3,1.46,room_alerts_mp
1776723789.23,room_05,1776723789.224,1776723789.229,1776723789.23,5.563,4.47,1.091,room_alerts_mp
1776723790.231,room_06,1776723790.227,1776723790.23,1776723790.231,4.246,2.99,1.259,room_alerts_mp
1776723791.232,room_07,1776723791.228,1776723791.23,1776723791.232,3.372,1.86,1.509,room_alerts_mp
1776723792.239,room_08,1776723792.232,1776723792.237,1776723792.239,6.142,4.6,1.538,room_alerts_mp
1776723793.238,room_09,1776723793.234,1776723793.237,1776723793.238,4.453,3.16,1.297,room_alerts_mp
1776723794.238,room_10,1776723794.235,1776723794.236,1776723794.238,2.637,1.36,1.282,room_alerts_mp
1776723795.241,room_11,1776723795.237,1776723795.239,1776723795.241,3.891,1.85,2.042,room_alerts_mp
1776723796.273,room_12,1776723796.24,1776723796.245,1776723796.273,32.889,5.49,27.398,room_alerts_mp
1776723797.246,room_13,1776723797.243,1776723797.244,1776723797.246,2.877,1.35,1.529,room_alerts_mp
1776723798.251,room_14,1776723798.245,1776723798.249,1776723798.251,5.208,3.73,1.477,room_alerts_mp
1776723799.251,room_15,1776723799.247,1776723799.249,1776723799.251,3.114,1.45,1.663,room_alerts_mp
1776723800.262,room_01,1776723800.249,1776723800.251,1776723800.262,13.524,1.68,11.845,room_alerts_mp
1776723801.262,room_02,1776723801.254,1776723801.26,1776723801.262,7.486,5.86,1.628,room_alerts_mp
1776723802.265,room_03,1776723802.256,1776723802.263,1776723802.265,8.936,7.03,1.909,room_alerts_mp
1776723803.266,room_04,1776723803.26,1776723803.264,1776723803.266,5.662,3.3,2.362,room_alerts_mp
1776723804.267,room_05,1776723804.264,1776723804.266,1776723804.267,2.973,1.34,1.63,room_alerts_mp
1776723805.273,room_06,1776723805.267,1776723805.271,1776723805.273,6.689,4.53,2.162,room_alerts_mp
1776723806.273,room_07,1776723806.27,1776723806.272,1776723806.273,3.979,2.54,1.436,room_alerts_mp
1776723807.278,room_08,1776723807.273,1776723807.277,1776723807.278,5.715,4.35,1.362,room_alerts_mp
1776723808.286,room_09,1776723808.277,1776723808.282,1776723808.286,8.487,4.74,3.748,room_alerts_mp
1776723809.284,room_10,1776723809.279,1776723809.282,1776723809.284,4.841,2.94,1.905,room_alerts_mp
1776723810.29,room_11,1776723810.283,1776723810.287,1776723810.29,6.841,4.41,2.429,room_alerts_mp
1776723811.306,room_12,1776723811.285,1776723811.29,1776723811.306,21.291,4.93,16.357,room_alerts_mp
1776723812.292,room_13,1776723812.286,1776723812.29,1776723812.292,6.114,4.35,1.768,room_alerts_mp
1776723813.295,room_14,1776723813.288,1776723813.292,1776723813.295,6.712,4.25,2.462,room_alerts_mp
